{
	"start":	{
		"connected":	[{
				"socket":	7,
				"local_host":	"172.16.0.1",
				"local_port":	42334,
				"remote_host":	"172.17.0.1",
				"remote_port":	5201
			}],
		"version":	"iperf 3.9",
		"system_info":	"Linux h1 6.4.0-bbrv3 #1 SMP PREEMPT_DYNAMIC Tue Oct  8 11:37:28 UTC 2024 x86_64",
		"timestamp":	{
			"time":	"Fri, 25 Oct 2024 17:48:57 GMT",
			"timesecs":	1729878537
		},
		"connecting_to":	{
			"host":	"172.17.0.1",
			"port":	5201
		},
		"cookie":	"ph3jcui7qruy4eyyotner4iq5evjatdi5fm5",
		"tcp_mss_default":	1448,
		"sock_bufsize":	0,
		"sndbuf_actual":	1000000,
		"rcvbuf_actual":	1000000,
		"test_start":	{
			"protocol":	"TCP",
			"num_streams":	1,
			"blksize":	131072,
			"omit":	0,
			"duration":	10,
			"bytes":	0,
			"blocks":	0,
			"reverse":	0,
			"tos":	0
		}
	},
	"intervals":	[{
			"streams":	[{
					"socket":	7,
					"start":	0,
					"end":	1.000089,
					"seconds":	1.0000890493392944,
					"bytes":	347435528,
					"bits_per_second":	2779236734.8050227,
					"retransmits":	18613,
					"snd_cwnd":	72259544,
					"rtt":	54865,
					"rttvar":	33,
					"pmtu":	1500,
					"omitted":	false,
					"sender":	true
				}],
			"sum":	{
				"start":	0,
				"end":	1.000089,
				"seconds":	1.0000890493392944,
				"bytes":	347435528,
				"bits_per_second":	2779236734.8050227,
				"retransmits":	18613,
				"omitted":	false,
				"sender":	true
			}
		}, {
			"streams":	[{
					"socket":	7,
					"start":	1.000089,
					"end":	2.000152,
					"seconds":	1.0000629425048828,
					"bytes":	917504000,
					"bits_per_second":	7339570029.0776072,
					"retransmits":	31995,
					"snd_cwnd":	51544456,
					"rtt":	53807,
					"rttvar":	43,
					"pmtu":	1500,
					"omitted":	false,
					"sender":	true
				}],
			"sum":	{
				"start":	1.000089,
				"end":	2.000152,
				"seconds":	1.0000629425048828,
				"bytes":	917504000,
				"bits_per_second":	7339570029.0776072,
				"retransmits":	31995,
				"omitted":	false,
				"sender":	true
			}
		}, {
			"streams":	[{
					"socket":	7,
					"start":	2.000152,
					"end":	3.000047,
					"seconds":	0.99989497661590576,
					"bytes":	804782080,
					"bits_per_second":	6438932878.5208578,
					"retransmits":	16981,
					"snd_cwnd":	45402040,
					"rtt":	53835,
					"rttvar":	34,
					"pmtu":	1500,
					"omitted":	false,
					"sender":	true
				}],
			"sum":	{
				"start":	2.000152,
				"end":	3.000047,
				"seconds":	0.99989497661590576,
				"bytes":	804782080,
				"bits_per_second":	6438932878.5208578,
				"retransmits":	16981,
				"omitted":	false,
				"sender":	true
			}
		}, {
			"streams":	[{
					"socket":	7,
					"start":	3.000047,
					"end":	4.00004,
					"seconds":	0.99999302625656128,
					"bytes":	938475520,
					"bits_per_second":	7507856517.86513,
					"retransmits":	714,
					"snd_cwnd":	84857144,
					"rtt":	53869,
					"rttvar":	37,
					"pmtu":	1500,
					"omitted":	false,
					"sender":	true
				}],
			"sum":	{
				"start":	3.000047,
				"end":	4.00004,
				"seconds":	0.99999302625656128,
				"bytes":	938475520,
				"bits_per_second":	7507856517.86513,
				"retransmits":	714,
				"omitted":	false,
				"sender":	true
			}
		}, {
			"streams":	[{
					"socket":	7,
					"start":	4.00004,
					"end":	5.00007,
					"seconds":	1.0000300407409668,
					"bytes":	1065615360,
					"bits_per_second":	8524666792.6930523,
					"retransmits":	2570,
					"snd_cwnd":	60636448,
					"rtt":	56881,
					"rttvar":	1894,
					"pmtu":	1500,
					"omitted":	false,
					"sender":	true
				}],
			"sum":	{
				"start":	4.00004,
				"end":	5.00007,
				"seconds":	1.0000300407409668,
				"bytes":	1065615360,
				"bits_per_second":	8524666792.6930523,
				"retransmits":	2570,
				"omitted":	false,
				"sender":	true
			}
		}, {
			"streams":	[{
					"socket":	7,
					"start":	5.00007,
					"end":	6.000427,
					"seconds":	1.0003570318222046,
					"bytes":	920125440,
					"bits_per_second":	7358376345.4849043,
					"retransmits":	1021,
					"snd_cwnd":	54578016,
					"rtt":	53838,
					"rttvar":	53,
					"pmtu":	1500,
					"omitted":	false,
					"sender":	true
				}],
			"sum":	{
				"start":	5.00007,
				"end":	6.000427,
				"seconds":	1.0003570318222046,
				"bytes":	920125440,
				"bits_per_second":	7358376345.4849043,
				"retransmits":	1021,
				"omitted":	false,
				"sender":	true
			}
		}, {
			"streams":	[{
					"socket":	7,
					"start":	6.000427,
					"end":	7.000085,
					"seconds":	0.99965798854827881,
					"bytes":	804782080,
					"bits_per_second":	6440459350.8523359,
					"retransmits":	7607,
					"snd_cwnd":	69451872,
					"rtt":	54945,
					"rttvar":	41,
					"pmtu":	1500,
					"omitted":	false,
					"sender":	true
				}],
			"sum":	{
				"start":	6.000427,
				"end":	7.000085,
				"seconds":	0.99965798854827881,
				"bytes":	804782080,
				"bits_per_second":	6440459350.8523359,
				"retransmits":	7607,
				"omitted":	false,
				"sender":	true
			}
		}, {
			"streams":	[{
					"socket":	7,
					"start":	7.000085,
					"end":	8.000061,
					"seconds":	0.99997597932815552,
					"bytes":	891289600,
					"bits_per_second":	7130488079.11424,
					"retransmits":	1068,
					"snd_cwnd":	47461096,
					"rtt":	53795,
					"rttvar":	23,
					"pmtu":	1500,
					"omitted":	false,
					"sender":	true
				}],
			"sum":	{
				"start":	7.000085,
				"end":	8.000061,
				"seconds":	0.99997597932815552,
				"bytes":	891289600,
				"bits_per_second":	7130488079.11424,
				"retransmits":	1068,
				"omitted":	false,
				"sender":	true
			}
		}, {
			"streams":	[{
					"socket":	7,
					"start":	8.000061,
					"end":	9.000068,
					"seconds":	1.0000070333480835,
					"bytes":	756285440,
					"bits_per_second":	6050240966.5492935,
					"retransmits":	1063,
					"snd_cwnd":	65093392,
					"rtt":	54970,
					"rttvar":	51,
					"pmtu":	1500,
					"omitted":	false,
					"sender":	true
				}],
			"sum":	{
				"start":	8.000061,
				"end":	9.000068,
				"seconds":	1.0000070333480835,
				"bytes":	756285440,
				"bits_per_second":	6050240966.5492935,
				"retransmits":	1063,
				"omitted":	false,
				"sender":	true
			}
		}, {
			"streams":	[{
					"socket":	7,
					"start":	9.000068,
					"end":	10.000029,
					"seconds":	0.999961018562317,
					"bytes":	1035468800,
					"bits_per_second":	8284073325.0880842,
					"retransmits":	2022,
					"snd_cwnd":	58943736,
					"rtt":	55526,
					"rttvar":	334,
					"pmtu":	1500,
					"omitted":	false,
					"sender":	true
				}],
			"sum":	{
				"start":	9.000068,
				"end":	10.000029,
				"seconds":	0.999961018562317,
				"bytes":	1035468800,
				"bits_per_second":	8284073325.0880842,
				"retransmits":	2022,
				"omitted":	false,
				"sender":	true
			}
		}],
	"end":	{
		"streams":	[{
				"sender":	{
					"socket":	7,
					"start":	0,
					"end":	10.000029,
					"seconds":	10.000029,
					"bytes":	8481763848,
					"bits_per_second":	6785391400.7649384,
					"retransmits":	83654,
					"max_snd_cwnd":	84857144,
					"max_rtt":	56881,
					"min_rtt":	53795,
					"mean_rtt":	54633,
					"sender":	true
				},
				"receiver":	{
					"socket":	7,
					"start":	0,
					"end":	10.053801,
					"seconds":	10.000029,
					"bytes":	8349990464,
					"bits_per_second":	6644245665.09721,
					"sender":	true
				}
			}],
		"sum_sent":	{
			"start":	0,
			"end":	10.000029,
			"seconds":	10.000029,
			"bytes":	8481763848,
			"bits_per_second":	6785391400.7649384,
			"retransmits":	83654,
			"sender":	true
		},
		"sum_received":	{
			"start":	0,
			"end":	10.053801,
			"seconds":	10.053801,
			"bytes":	8349990464,
			"bits_per_second":	6644245665.09721,
			"sender":	true
		},
		"cpu_utilization_percent":	{
			"host_total":	29.980820613249765,
			"host_user":	0.264774628873873,
			"host_system":	29.7160459843759,
			"remote_total":	0.47744205387273131,
			"remote_user":	0.011186443786536089,
			"remote_system":	0.46625561008619526
		},
		"sender_tcp_congestion":	"bbr",
		"receiver_tcp_congestion":	"cubic"
	}
}
