{
	"start":	{
		"connected":	[{
				"socket":	7,
				"local_host":	"172.16.0.2",
				"local_port":	40116,
				"remote_host":	"172.17.0.2",
				"remote_port":	5201
			}],
		"version":	"iperf 3.9",
		"system_info":	"Linux h1 6.4.0-bbrv3 #1 SMP PREEMPT_DYNAMIC Tue Oct  8 11:37:28 UTC 2024 x86_64",
		"timestamp":	{
			"time":	"Fri, 25 Oct 2024 17:49:08 GMT",
			"timesecs":	1729878548
		},
		"connecting_to":	{
			"host":	"172.17.0.2",
			"port":	5201
		},
		"cookie":	"d6i5qdpszbwnamfjaisonjip33abi4v7j2rx",
		"tcp_mss_default":	1448,
		"sock_bufsize":	0,
		"sndbuf_actual":	1000000,
		"rcvbuf_actual":	1000000,
		"test_start":	{
			"protocol":	"TCP",
			"num_streams":	1,
			"blksize":	131072,
			"omit":	0,
			"duration":	10,
			"bytes":	0,
			"blocks":	0,
			"reverse":	0,
			"tos":	0
		}
	},
	"intervals":	[{
			"streams":	[{
					"socket":	7,
					"start":	0,
					"end":	1.000081,
					"seconds":	1.000080943107605,
					"bytes":	343506264,
					"bits_per_second":	2747827694.2872615,
					"retransmits":	9784,
					"snd_cwnd":	186871640,
					"rtt":	54865,
					"rttvar":	104,
					"pmtu":	1500,
					"omitted":	false,
					"sender":	true
				}],
			"sum":	{
				"start":	0,
				"end":	1.000081,
				"seconds":	1.000080943107605,
				"bytes":	343506264,
				"bits_per_second":	2747827694.2872615,
				"retransmits":	9784,
				"omitted":	false,
				"sender":	true
			}
		}, {
			"streams":	[{
					"socket":	7,
					"start":	1.000081,
					"end":	2.000035,
					"seconds":	0.9999539852142334,
					"bytes":	1004011520,
					"bits_per_second":	8032461772.007617,
					"retransmits":	5075,
					"snd_cwnd":	60452552,
					"rtt":	53791,
					"rttvar":	26,
					"pmtu":	1500,
					"omitted":	false,
					"sender":	true
				}],
			"sum":	{
				"start":	1.000081,
				"end":	2.000035,
				"seconds":	0.9999539852142334,
				"bytes":	1004011520,
				"bits_per_second":	8032461772.007617,
				"retransmits":	5075,
				"omitted":	false,
				"sender":	true
			}
		}, {
			"streams":	[{
					"socket":	7,
					"start":	2.000035,
					"end":	3.000178,
					"seconds":	1.0001430511474609,
					"bytes":	842792960,
					"bits_per_second":	6741379317.9530973,
					"retransmits":	13926,
					"snd_cwnd":	41285376,
					"rtt":	53794,
					"rttvar":	38,
					"pmtu":	1500,
					"omitted":	false,
					"sender":	true
				}],
			"sum":	{
				"start":	2.000035,
				"end":	3.000178,
				"seconds":	1.0001430511474609,
				"bytes":	842792960,
				"bits_per_second":	6741379317.9530973,
				"retransmits":	13926,
				"omitted":	false,
				"sender":	true
			}
		}, {
			"streams":	[{
					"socket":	7,
					"start":	3.000178,
					"end":	4.000049,
					"seconds":	0.999871015548706,
					"bytes":	1068236800,
					"bits_per_second":	8546996829.69629,
					"retransmits":	1649,
					"snd_cwnd":	68352840,
					"rtt":	53789,
					"rttvar":	115,
					"pmtu":	1500,
					"omitted":	false,
					"sender":	true
				}],
			"sum":	{
				"start":	3.000178,
				"end":	4.000049,
				"seconds":	0.999871015548706,
				"bytes":	1068236800,
				"bits_per_second":	8546996829.69629,
				"retransmits":	1649,
				"omitted":	false,
				"sender":	true
			}
		}, {
			"streams":	[{
					"socket":	7,
					"start":	4.000049,
					"end":	5.000067,
					"seconds":	1.0000180006027222,
					"bytes":	1011875840,
					"bits_per_second":	8094861007.62291,
					"retransmits":	15215,
					"snd_cwnd":	48060568,
					"rtt":	53873,
					"rttvar":	150,
					"pmtu":	1500,
					"omitted":	false,
					"sender":	true
				}],
			"sum":	{
				"start":	4.000049,
				"end":	5.000067,
				"seconds":	1.0000180006027222,
				"bytes":	1011875840,
				"bits_per_second":	8094861007.62291,
				"retransmits":	15215,
				"omitted":	false,
				"sender":	true
			}
		}, {
			"streams":	[{
					"socket":	7,
					"start":	5.000067,
					"end":	6.000061,
					"seconds":	0.99999397993087769,
					"bytes":	758906880,
					"bits_per_second":	6071291589.59503,
					"retransmits":	2116,
					"snd_cwnd":	21720000,
					"rtt":	54995,
					"rttvar":	77,
					"pmtu":	1500,
					"omitted":	false,
					"sender":	true
				}],
			"sum":	{
				"start":	5.000067,
				"end":	6.000061,
				"seconds":	0.99999397993087769,
				"bytes":	758906880,
				"bits_per_second":	6071291589.59503,
				"retransmits":	2116,
				"omitted":	false,
				"sender":	true
			}
		}, {
			"streams":	[{
					"socket":	7,
					"start":	6.000061,
					"end":	7.000373,
					"seconds":	1.0003119707107544,
					"bytes":	912261120,
					"bits_per_second":	7295812880.0702734,
					"retransmits":	5186,
					"snd_cwnd":	59326008,
					"rtt":	53856,
					"rttvar":	20,
					"pmtu":	1500,
					"omitted":	false,
					"sender":	true
				}],
			"sum":	{
				"start":	6.000061,
				"end":	7.000373,
				"seconds":	1.0003119707107544,
				"bytes":	912261120,
				"bits_per_second":	7295812880.0702734,
				"retransmits":	5186,
				"omitted":	false,
				"sender":	true
			}
		}, {
			"streams":	[{
					"socket":	7,
					"start":	7.000373,
					"end":	8.000199,
					"seconds":	0.99982601404190063,
					"bytes":	897843200,
					"bits_per_second":	7183995514.3425446,
					"retransmits":	5602,
					"snd_cwnd":	48560128,
					"rtt":	54070,
					"rttvar":	124,
					"pmtu":	1500,
					"omitted":	false,
					"sender":	true
				}],
			"sum":	{
				"start":	7.000373,
				"end":	8.000199,
				"seconds":	0.99982601404190063,
				"bytes":	897843200,
				"bits_per_second":	7183995514.3425446,
				"retransmits":	5602,
				"omitted":	false,
				"sender":	true
			}
		}, {
			"streams":	[{
					"socket":	7,
					"start":	8.000199,
					"end":	9.000019,
					"seconds":	0.99981999397277832,
					"bytes":	813957120,
					"bits_per_second":	6512829308.5298,
					"retransmits":	4945,
					"snd_cwnd":	61473392,
					"rtt":	53843,
					"rttvar":	40,
					"pmtu":	1500,
					"omitted":	false,
					"sender":	true
				}],
			"sum":	{
				"start":	8.000199,
				"end":	9.000019,
				"seconds":	0.99981999397277832,
				"bytes":	813957120,
				"bits_per_second":	6512829308.5298,
				"retransmits":	4945,
				"omitted":	false,
				"sender":	true
			}
		}, {
			"streams":	[{
					"socket":	7,
					"start":	9.000019,
					"end":	10.000094,
					"seconds":	1.0000749826431274,
					"bytes":	910950400,
					"bits_per_second":	7287056797.2207251,
					"retransmits":	10150,
					"snd_cwnd":	58935048,
					"rtt":	55097,
					"rttvar":	324,
					"pmtu":	1500,
					"omitted":	false,
					"sender":	true
				}],
			"sum":	{
				"start":	9.000019,
				"end":	10.000094,
				"seconds":	1.0000749826431274,
				"bytes":	910950400,
				"bits_per_second":	7287056797.2207251,
				"retransmits":	10150,
				"omitted":	false,
				"sender":	true
			}
		}],
	"end":	{
		"streams":	[{
				"sender":	{
					"socket":	7,
					"start":	0,
					"end":	10.000094,
					"seconds":	10.000094,
					"bytes":	8564342104,
					"bits_per_second":	6851409279.9527683,
					"retransmits":	73648,
					"max_snd_cwnd":	186871640,
					"max_rtt":	55097,
					"min_rtt":	53789,
					"mean_rtt":	54197,
					"sender":	true
				},
				"receiver":	{
					"socket":	7,
					"start":	0,
					"end":	10.054458,
					"seconds":	10.000094,
					"bytes":	8516400416,
					"bits_per_second":	6776218402.6229954,
					"sender":	true
				}
			}],
		"sum_sent":	{
			"start":	0,
			"end":	10.000094,
			"seconds":	10.000094,
			"bytes":	8564342104,
			"bits_per_second":	6851409279.9527683,
			"retransmits":	73648,
			"sender":	true
		},
		"sum_received":	{
			"start":	0,
			"end":	10.054458,
			"seconds":	10.054458,
			"bytes":	8516400416,
			"bits_per_second":	6776218402.6229954,
			"sender":	true
		},
		"cpu_utilization_percent":	{
			"host_total":	31.2752321581565,
			"host_user":	0.14401892404589522,
			"host_system":	31.1312132341106,
			"remote_total":	0.88282621468957867,
			"remote_user":	0.010561671318824083,
			"remote_system":	0.87226454337075465
		},
		"sender_tcp_congestion":	"bbr",
		"receiver_tcp_congestion":	"cubic"
	}
}
