{
	"start":	{
		"connected":	[{
				"socket":	7,
				"local_host":	"172.16.0.3",
				"local_port":	52158,
				"remote_host":	"172.17.0.3",
				"remote_port":	5201
			}],
		"version":	"iperf 3.9",
		"system_info":	"Linux h1 6.4.0-bbrv3 #1 SMP PREEMPT_DYNAMIC Tue Oct  8 11:37:28 UTC 2024 x86_64",
		"timestamp":	{
			"time":	"Fri, 25 Oct 2024 17:49:21 GMT",
			"timesecs":	1729878561
		},
		"connecting_to":	{
			"host":	"172.17.0.3",
			"port":	5201
		},
		"cookie":	"6v5wq7d55nbwh2u44shcp3miy4qazvcgr3ba",
		"tcp_mss_default":	1448,
		"sock_bufsize":	0,
		"sndbuf_actual":	1000000,
		"rcvbuf_actual":	1000000,
		"test_start":	{
			"protocol":	"TCP",
			"num_streams":	1,
			"blksize":	131072,
			"omit":	0,
			"duration":	10,
			"bytes":	0,
			"blocks":	0,
			"reverse":	0,
			"tos":	0
		}
	},
	"intervals":	[{
			"streams":	[{
					"socket":	7,
					"start":	0,
					"end":	1.000083,
					"seconds":	1.0000829696655273,
					"bytes":	424773800,
					"bits_per_second":	3397908476.670198,
					"retransmits":	3121,
					"snd_cwnd":	194556176,
					"rtt":	54782,
					"rttvar":	223,
					"pmtu":	1500,
					"omitted":	false,
					"sender":	true
				}],
			"sum":	{
				"start":	0,
				"end":	1.000083,
				"seconds":	1.0000829696655273,
				"bytes":	424773800,
				"bits_per_second":	3397908476.670198,
				"retransmits":	3121,
				"omitted":	false,
				"sender":	true
			}
		}, {
			"streams":	[{
					"socket":	7,
					"start":	1.000083,
					"end":	2.000075,
					"seconds":	0.9999920129776,
					"bytes":	1036779520,
					"bits_per_second":	8294302406.7791147,
					"retransmits":	1409,
					"snd_cwnd":	75765152,
					"rtt":	54962,
					"rttvar":	51,
					"pmtu":	1500,
					"omitted":	false,
					"sender":	true
				}],
			"sum":	{
				"start":	1.000083,
				"end":	2.000075,
				"seconds":	0.9999920129776,
				"bytes":	1036779520,
				"bits_per_second":	8294302406.7791147,
				"retransmits":	1409,
				"omitted":	false,
				"sender":	true
			}
		}, {
			"streams":	[{
					"socket":	7,
					"start":	2.000075,
					"end":	3.000077,
					"seconds":	1.0000020265579224,
					"bytes":	948961280,
					"bits_per_second":	7591674855.0311785,
					"retransmits":	0,
					"snd_cwnd":	62016392,
					"rtt":	53814,
					"rttvar":	22,
					"pmtu":	1500,
					"omitted":	false,
					"sender":	true
				}],
			"sum":	{
				"start":	2.000075,
				"end":	3.000077,
				"seconds":	1.0000020265579224,
				"bytes":	948961280,
				"bits_per_second":	7591674855.0311785,
				"retransmits":	0,
				"omitted":	false,
				"sender":	true
			}
		}, {
			"streams":	[{
					"socket":	7,
					"start":	3.000077,
					"end":	4.000049,
					"seconds":	0.99997198581695557,
					"bytes":	891289600,
					"bits_per_second":	7130516555.59599,
					"retransmits":	41,
					"snd_cwnd":	64714016,
					"rtt":	53847,
					"rttvar":	15,
					"pmtu":	1500,
					"omitted":	false,
					"sender":	true
				}],
			"sum":	{
				"start":	3.000077,
				"end":	4.000049,
				"seconds":	0.99997198581695557,
				"bytes":	891289600,
				"bits_per_second":	7130516555.59599,
				"retransmits":	41,
				"omitted":	false,
				"sender":	true
			}
		}, {
			"streams":	[{
					"socket":	7,
					"start":	4.000049,
					"end":	5.000067,
					"seconds":	1.0000180006027222,
					"bytes":	1017118720,
					"bits_per_second":	8136803292.6365,
					"retransmits":	7583,
					"snd_cwnd":	62652064,
					"rtt":	53852,
					"rttvar":	41,
					"pmtu":	1500,
					"omitted":	false,
					"sender":	true
				}],
			"sum":	{
				"start":	4.000049,
				"end":	5.000067,
				"seconds":	1.0000180006027222,
				"bytes":	1017118720,
				"bits_per_second":	8136803292.6365,
				"retransmits":	7583,
				"omitted":	false,
				"sender":	true
			}
		}, {
			"streams":	[{
					"socket":	7,
					"start":	5.000067,
					"end":	6.000035,
					"seconds":	0.99996799230575562,
					"bytes":	812646400,
					"bits_per_second":	6501379294.160614,
					"retransmits":	5294,
					"snd_cwnd":	50669864,
					"rtt":	54957,
					"rttvar":	37,
					"pmtu":	1500,
					"omitted":	false,
					"sender":	true
				}],
			"sum":	{
				"start":	5.000067,
				"end":	6.000035,
				"seconds":	0.99996799230575562,
				"bytes":	812646400,
				"bits_per_second":	6501379294.160614,
				"retransmits":	5294,
				"omitted":	false,
				"sender":	true
			}
		}, {
			"streams":	[{
					"socket":	7,
					"start":	6.000035,
					"end":	7.000735,
					"seconds":	1.0006999969482422,
					"bytes":	830996480,
					"bits_per_second":	6643321535.19917,
					"retransmits":	842,
					"snd_cwnd":	64043592,
					"rtt":	53879,
					"rttvar":	46,
					"pmtu":	1500,
					"omitted":	false,
					"sender":	true
				}],
			"sum":	{
				"start":	6.000035,
				"end":	7.000735,
				"seconds":	1.0006999969482422,
				"bytes":	830996480,
				"bits_per_second":	6643321535.19917,
				"retransmits":	842,
				"omitted":	false,
				"sender":	true
			}
		}, {
			"streams":	[{
					"socket":	7,
					"start":	7.000735,
					"end":	8.000106,
					"seconds":	0.9993709921836853,
					"bytes":	749731840,
					"bits_per_second":	6001629792.0498266,
					"retransmits":	11249,
					"snd_cwnd":	46056536,
					"rtt":	53824,
					"rttvar":	35,
					"pmtu":	1500,
					"omitted":	false,
					"sender":	true
				}],
			"sum":	{
				"start":	7.000735,
				"end":	8.000106,
				"seconds":	0.9993709921836853,
				"bytes":	749731840,
				"bits_per_second":	6001629792.0498266,
				"retransmits":	11249,
				"omitted":	false,
				"sender":	true
			}
		}, {
			"streams":	[{
					"socket":	7,
					"start":	8.000106,
					"end":	9.000122,
					"seconds":	1.0000159740448,
					"bytes":	824442880,
					"bits_per_second":	6595437684.18296,
					"retransmits":	3876,
					"snd_cwnd":	62268344,
					"rtt":	53793,
					"rttvar":	106,
					"pmtu":	1500,
					"omitted":	false,
					"sender":	true
				}],
			"sum":	{
				"start":	8.000106,
				"end":	9.000122,
				"seconds":	1.0000159740448,
				"bytes":	824442880,
				"bits_per_second":	6595437684.18296,
				"retransmits":	3876,
				"omitted":	false,
				"sender":	true
			}
		}, {
			"streams":	[{
					"socket":	7,
					"start":	9.000122,
					"end":	10.000473,
					"seconds":	1.0003509521484375,
					"bytes":	951582720,
					"bits_per_second":	7609991017.3028879,
					"retransmits":	1190,
					"snd_cwnd":	61303976,
					"rtt":	53849,
					"rttvar":	45,
					"pmtu":	1500,
					"omitted":	false,
					"sender":	true
				}],
			"sum":	{
				"start":	9.000122,
				"end":	10.000473,
				"seconds":	1.0003509521484375,
				"bytes":	951582720,
				"bits_per_second":	7609991017.3028879,
				"retransmits":	1190,
				"omitted":	false,
				"sender":	true
			}
		}],
	"end":	{
		"streams":	[{
				"sender":	{
					"socket":	7,
					"start":	0,
					"end":	10.000473,
					"seconds":	10.000473,
					"bytes":	8488323240,
					"bits_per_second":	6790337409.0405531,
					"retransmits":	34605,
					"max_snd_cwnd":	194556176,
					"max_rtt":	54962,
					"min_rtt":	53793,
					"mean_rtt":	54155,
					"sender":	true
				},
				"receiver":	{
					"socket":	7,
					"start":	0,
					"end":	10.054315,
					"seconds":	10.000473,
					"bytes":	8406817224,
					"bits_per_second":	6689121814.0668955,
					"sender":	true
				}
			}],
		"sum_sent":	{
			"start":	0,
			"end":	10.000473,
			"seconds":	10.000473,
			"bytes":	8488323240,
			"bits_per_second":	6790337409.0405531,
			"retransmits":	34605,
			"sender":	true
		},
		"sum_received":	{
			"start":	0,
			"end":	10.054315,
			"seconds":	10.054315,
			"bytes":	8406817224,
			"bits_per_second":	6689121814.0668955,
			"sender":	true
		},
		"cpu_utilization_percent":	{
			"host_total":	34.9321725249715,
			"host_user":	0.341517643753196,
			"host_system":	34.5906548812183,
			"remote_total":	0.94215006548736724,
			"remote_user":	0.021552507734508786,
			"remote_system":	0.920597261115172
		},
		"sender_tcp_congestion":	"bbr",
		"receiver_tcp_congestion":	"cubic"
	}
}
