{
	"start":	{
		"connected":	[{
				"socket":	7,
				"local_host":	"172.16.0.4",
				"local_port":	52748,
				"remote_host":	"172.17.0.4",
				"remote_port":	5201
			}],
		"version":	"iperf 3.9",
		"system_info":	"Linux h1 6.4.0-bbrv3 #1 SMP PREEMPT_DYNAMIC Tue Oct  8 11:37:28 UTC 2024 x86_64",
		"timestamp":	{
			"time":	"Fri, 25 Oct 2024 17:49:33 GMT",
			"timesecs":	1729878573
		},
		"connecting_to":	{
			"host":	"172.17.0.4",
			"port":	5201
		},
		"cookie":	"ikesx7npavwmnrvzvxaebubqqf665m4xlu55",
		"tcp_mss_default":	1448,
		"sock_bufsize":	0,
		"sndbuf_actual":	1000000,
		"rcvbuf_actual":	1000000,
		"test_start":	{
			"protocol":	"TCP",
			"num_streams":	1,
			"blksize":	131072,
			"omit":	0,
			"duration":	10,
			"bytes":	0,
			"blocks":	0,
			"reverse":	0,
			"tos":	0
		}
	},
	"intervals":	[{
			"streams":	[{
					"socket":	7,
					"start":	0,
					"end":	1.000183,
					"seconds":	1.0001829862594604,
					"bytes":	427327184,
					"bits_per_second":	3417992026.4242191,
					"retransmits":	366,
					"snd_cwnd":	178502200,
					"rtt":	54966,
					"rttvar":	81,
					"pmtu":	1500,
					"omitted":	false,
					"sender":	true
				}],
			"sum":	{
				"start":	0,
				"end":	1.000183,
				"seconds":	1.0001829862594604,
				"bytes":	427327184,
				"bits_per_second":	3417992026.4242191,
				"retransmits":	366,
				"omitted":	false,
				"sender":	true
			}
		}, {
			"streams":	[{
					"socket":	7,
					"start":	1.000183,
					"end":	2.00005,
					"seconds":	0.999867022037506,
					"bytes":	980418560,
					"bits_per_second":	7844391611.2134638,
					"retransmits":	19263,
					"snd_cwnd":	69852968,
					"rtt":	53977,
					"rttvar":	41,
					"pmtu":	1500,
					"omitted":	false,
					"sender":	true
				}],
			"sum":	{
				"start":	1.000183,
				"end":	2.00005,
				"seconds":	0.999867022037506,
				"bytes":	980418560,
				"bits_per_second":	7844391611.2134638,
				"retransmits":	19263,
				"omitted":	false,
				"sender":	true
			}
		}, {
			"streams":	[{
					"socket":	7,
					"start":	2.00005,
					"end":	3.000026,
					"seconds":	0.99997597932815552,
					"bytes":	1011875840,
					"bits_per_second":	8095201172.1708717,
					"retransmits":	9980,
					"snd_cwnd":	57993848,
					"rtt":	53895,
					"rttvar":	27,
					"pmtu":	1500,
					"omitted":	false,
					"sender":	true
				}],
			"sum":	{
				"start":	2.00005,
				"end":	3.000026,
				"seconds":	0.99997597932815552,
				"bytes":	1011875840,
				"bits_per_second":	8095201172.1708717,
				"retransmits":	9980,
				"omitted":	false,
				"sender":	true
			}
		}, {
			"streams":	[{
					"socket":	7,
					"start":	3.000026,
					"end":	4.000696,
					"seconds":	1.0006699562072754,
					"bytes":	1031536640,
					"bits_per_second":	8246768146.4902983,
					"retransmits":	801,
					"snd_cwnd":	75671032,
					"rtt":	53921,
					"rttvar":	41,
					"pmtu":	1500,
					"omitted":	false,
					"sender":	true
				}],
			"sum":	{
				"start":	3.000026,
				"end":	4.000696,
				"seconds":	1.0006699562072754,
				"bytes":	1031536640,
				"bits_per_second":	8246768146.4902983,
				"retransmits":	801,
				"omitted":	false,
				"sender":	true
			}
		}, {
			"streams":	[{
					"socket":	7,
					"start":	4.000696,
					"end":	5.000518,
					"seconds":	0.99982202053070068,
					"bytes":	1174405120,
					"bits_per_second":	9396913417.66313,
					"retransmits":	0,
					"snd_cwnd":	75671032,
					"rtt":	53934,
					"rttvar":	31,
					"pmtu":	1500,
					"omitted":	false,
					"sender":	true
				}],
			"sum":	{
				"start":	4.000696,
				"end":	5.000518,
				"seconds":	0.99982202053070068,
				"bytes":	1174405120,
				"bits_per_second":	9396913417.66313,
				"retransmits":	0,
				"omitted":	false,
				"sender":	true
			}
		}, {
			"streams":	[{
					"socket":	7,
					"start":	5.000518,
					"end":	6.000282,
					"seconds":	0.99976402521133423,
					"bytes":	1129840640,
					"bits_per_second":	9040858534.68208,
					"retransmits":	8148,
					"snd_cwnd":	60193360,
					"rtt":	53868,
					"rttvar":	42,
					"pmtu":	1500,
					"omitted":	false,
					"sender":	true
				}],
			"sum":	{
				"start":	5.000518,
				"end":	6.000282,
				"seconds":	0.99976402521133423,
				"bytes":	1129840640,
				"bits_per_second":	9040858534.68208,
				"retransmits":	8148,
				"omitted":	false,
				"sender":	true
			}
		}, {
			"streams":	[{
					"socket":	7,
					"start":	6.000282,
					"end":	7.000046,
					"seconds":	0.99976402521133423,
					"bytes":	955514880,
					"bits_per_second":	7645923285.1313639,
					"retransmits":	0,
					"snd_cwnd":	60193360,
					"rtt":	53929,
					"rttvar":	67,
					"pmtu":	1500,
					"omitted":	false,
					"sender":	true
				}],
			"sum":	{
				"start":	6.000282,
				"end":	7.000046,
				"seconds":	0.99976402521133423,
				"bytes":	955514880,
				"bits_per_second":	7645923285.1313639,
				"retransmits":	0,
				"omitted":	false,
				"sender":	true
			}
		}, {
			"streams":	[{
					"socket":	7,
					"start":	7.000046,
					"end":	8.000037,
					"seconds":	0.999990999698639,
					"bytes":	1114112000,
					"bits_per_second":	8912976219.472,
					"retransmits":	0,
					"snd_cwnd":	60193360,
					"rtt":	53940,
					"rttvar":	62,
					"pmtu":	1500,
					"omitted":	false,
					"sender":	true
				}],
			"sum":	{
				"start":	7.000046,
				"end":	8.000037,
				"seconds":	0.999990999698639,
				"bytes":	1114112000,
				"bits_per_second":	8912976219.472,
				"retransmits":	0,
				"omitted":	false,
				"sender":	true
			}
		}, {
			"streams":	[{
					"socket":	7,
					"start":	8.000037,
					"end":	9.000223,
					"seconds":	1.0001859664916992,
					"bytes":	941096960,
					"bits_per_second":	7527375840.3232737,
					"retransmits":	1279,
					"snd_cwnd":	55061648,
					"rtt":	53867,
					"rttvar":	25,
					"pmtu":	1500,
					"omitted":	false,
					"sender":	true
				}],
			"sum":	{
				"start":	8.000037,
				"end":	9.000223,
				"seconds":	1.0001859664916992,
				"bytes":	941096960,
				"bits_per_second":	7527375840.3232737,
				"retransmits":	1279,
				"omitted":	false,
				"sender":	true
			}
		}, {
			"streams":	[{
					"socket":	7,
					"start":	9.000223,
					"end":	10.000341,
					"seconds":	1.0001180171966553,
					"bytes":	947650560,
					"bits_per_second":	7580309873.079,
					"retransmits":	3105,
					"snd_cwnd":	70689912,
					"rtt":	53915,
					"rttvar":	43,
					"pmtu":	1500,
					"omitted":	false,
					"sender":	true
				}],
			"sum":	{
				"start":	9.000223,
				"end":	10.000341,
				"seconds":	1.0001180171966553,
				"bytes":	947650560,
				"bits_per_second":	7580309873.079,
				"retransmits":	3105,
				"omitted":	false,
				"sender":	true
			}
		}],
	"end":	{
		"streams":	[{
				"sender":	{
					"socket":	7,
					"start":	0,
					"end":	10.000341,
					"seconds":	10.000341,
					"bytes":	9713778384,
					"bits_per_second":	7770757724.3616,
					"retransmits":	42942,
					"max_snd_cwnd":	178502200,
					"max_rtt":	54966,
					"min_rtt":	53867,
					"mean_rtt":	54021,
					"sender":	true
				},
				"receiver":	{
					"socket":	7,
					"start":	0,
					"end":	10.054078,
					"seconds":	10.000341,
					"bytes":	9651878576,
					"bits_per_second":	7679971113.0150366,
					"sender":	true
				}
			}],
		"sum_sent":	{
			"start":	0,
			"end":	10.000341,
			"seconds":	10.000341,
			"bytes":	9713778384,
			"bits_per_second":	7770757724.3616,
			"retransmits":	42942,
			"sender":	true
		},
		"sum_received":	{
			"start":	0,
			"end":	10.054078,
			"seconds":	10.054078,
			"bytes":	9651878576,
			"bits_per_second":	7679971113.0150366,
			"sender":	true
		},
		"cpu_utilization_percent":	{
			"host_total":	38.315581500541946,
			"host_user":	0.60805652344941075,
			"host_system":	37.707718943796984,
			"remote_total":	1.1131984190289266,
			"remote_user":	0.012421149951151551,
			"remote_system":	1.1007772690777751
		},
		"sender_tcp_congestion":	"bbr",
		"receiver_tcp_congestion":	"cubic"
	}
}
