{
	"start":	{
		"connected":	[{
				"socket":	7,
				"local_host":	"172.16.0.5",
				"local_port":	35786,
				"remote_host":	"172.17.0.5",
				"remote_port":	5201
			}],
		"version":	"iperf 3.9",
		"system_info":	"Linux h1 6.4.0-bbrv3 #1 SMP PREEMPT_DYNAMIC Tue Oct  8 11:37:28 UTC 2024 x86_64",
		"timestamp":	{
			"time":	"Fri, 25 Oct 2024 17:49:45 GMT",
			"timesecs":	1729878585
		},
		"connecting_to":	{
			"host":	"172.17.0.5",
			"port":	5201
		},
		"cookie":	"do7x2kii3twua4j2dlougyjatiiqmi6gygzr",
		"tcp_mss_default":	1448,
		"sock_bufsize":	0,
		"sndbuf_actual":	1000000,
		"rcvbuf_actual":	1000000,
		"test_start":	{
			"protocol":	"TCP",
			"num_streams":	1,
			"blksize":	131072,
			"omit":	0,
			"duration":	10,
			"bytes":	0,
			"blocks":	0,
			"reverse":	0,
			"tos":	0
		}
	},
	"intervals":	[{
			"streams":	[{
					"socket":	7,
					"start":	0,
					"end":	1.000095,
					"seconds":	1.000095009803772,
					"bytes":	359232008,
					"bits_per_second":	2873583045.43873,
					"retransmits":	191,
					"snd_cwnd":	162824704,
					"rtt":	55058,
					"rttvar":	249,
					"pmtu":	1500,
					"omitted":	false,
					"sender":	true
				}],
			"sum":	{
				"start":	0,
				"end":	1.000095,
				"seconds":	1.000095009803772,
				"bytes":	359232008,
				"bits_per_second":	2873583045.43873,
				"retransmits":	191,
				"omitted":	false,
				"sender":	true
			}
		}, {
			"streams":	[{
					"socket":	7,
					"start":	1.000095,
					"end":	2.000078,
					"seconds":	0.999983012676239,
					"bytes":	787742720,
					"bits_per_second":	6302048814.9435768,
					"retransmits":	17338,
					"snd_cwnd":	56933912,
					"rtt":	53843,
					"rttvar":	36,
					"pmtu":	1500,
					"omitted":	false,
					"sender":	true
				}],
			"sum":	{
				"start":	1.000095,
				"end":	2.000078,
				"seconds":	0.999983012676239,
				"bytes":	787742720,
				"bits_per_second":	6302048814.9435768,
				"retransmits":	17338,
				"omitted":	false,
				"sender":	true
			}
		}, {
			"streams":	[{
					"socket":	7,
					"start":	2.000078,
					"end":	3.000381,
					"seconds":	1.0003030300140381,
					"bytes":	766771200,
					"bits_per_second":	6132311325.6129131,
					"retransmits":	1485,
					"snd_cwnd":	44475320,
					"rtt":	53956,
					"rttvar":	102,
					"pmtu":	1500,
					"omitted":	false,
					"sender":	true
				}],
			"sum":	{
				"start":	2.000078,
				"end":	3.000381,
				"seconds":	1.0003030300140381,
				"bytes":	766771200,
				"bits_per_second":	6132311325.6129131,
				"retransmits":	1485,
				"omitted":	false,
				"sender":	true
			}
		}, {
			"streams":	[{
					"socket":	7,
					"start":	3.000381,
					"end":	4.000096,
					"seconds":	0.999714970588684,
					"bytes":	757596160,
					"bits_per_second":	6062497270.02798,
					"retransmits":	0,
					"snd_cwnd":	143506936,
					"rtt":	53981,
					"rttvar":	39,
					"pmtu":	1500,
					"omitted":	false,
					"sender":	true
				}],
			"sum":	{
				"start":	3.000381,
				"end":	4.000096,
				"seconds":	0.999714970588684,
				"bytes":	757596160,
				"bits_per_second":	6062497270.02798,
				"retransmits":	0,
				"omitted":	false,
				"sender":	true
			}
		}, {
			"streams":	[{
					"socket":	7,
					"start":	4.000096,
					"end":	5.000073,
					"seconds":	0.9999769926071167,
					"bytes":	1036779520,
					"bits_per_second":	8294426993.1405735,
					"retransmits":	326,
					"snd_cwnd":	102835512,
					"rtt":	53883,
					"rttvar":	48,
					"pmtu":	1500,
					"omitted":	false,
					"sender":	true
				}],
			"sum":	{
				"start":	4.000096,
				"end":	5.000073,
				"seconds":	0.9999769926071167,
				"bytes":	1036779520,
				"bits_per_second":	8294426993.1405735,
				"retransmits":	326,
				"omitted":	false,
				"sender":	true
			}
		}, {
			"streams":	[{
					"socket":	7,
					"start":	5.000073,
					"end":	6.000176,
					"seconds":	1.0001029968261719,
					"bytes":	824442880,
					"bits_per_second":	6594863789.960598,
					"retransmits":	5836,
					"snd_cwnd":	50681448,
					"rtt":	53894,
					"rttvar":	18,
					"pmtu":	1500,
					"omitted":	false,
					"sender":	true
				}],
			"sum":	{
				"start":	5.000073,
				"end":	6.000176,
				"seconds":	1.0001029968261719,
				"bytes":	824442880,
				"bits_per_second":	6594863789.960598,
				"retransmits":	5836,
				"omitted":	false,
				"sender":	true
			}
		}, {
			"streams":	[{
					"socket":	7,
					"start":	6.000176,
					"end":	7.000096,
					"seconds":	0.99992001056671143,
					"bytes":	787742720,
					"bits_per_second":	6302445889.075,
					"retransmits":	6221,
					"snd_cwnd":	59530176,
					"rtt":	53740,
					"rttvar":	56,
					"pmtu":	1500,
					"omitted":	false,
					"sender":	true
				}],
			"sum":	{
				"start":	6.000176,
				"end":	7.000096,
				"seconds":	0.99992001056671143,
				"bytes":	787742720,
				"bits_per_second":	6302445889.075,
				"retransmits":	6221,
				"omitted":	false,
				"sender":	true
			}
		}, {
			"streams":	[{
					"socket":	7,
					"start":	7.000096,
					"end":	8.000093,
					"seconds":	0.99999701976776123,
					"bytes":	719585280,
					"bits_per_second":	5756699396.30113,
					"retransmits":	8878,
					"snd_cwnd":	46792120,
					"rtt":	55003,
					"rttvar":	28,
					"pmtu":	1500,
					"omitted":	false,
					"sender":	true
				}],
			"sum":	{
				"start":	7.000096,
				"end":	8.000093,
				"seconds":	0.99999701976776123,
				"bytes":	719585280,
				"bits_per_second":	5756699396.30113,
				"retransmits":	8878,
				"omitted":	false,
				"sender":	true
			}
		}, {
			"streams":	[{
					"socket":	7,
					"start":	8.000093,
					"end":	9.000085,
					"seconds":	0.9999920129776,
					"bytes":	730071040,
					"bits_per_second":	5840614969.1225872,
					"retransmits":	141,
					"snd_cwnd":	42281600,
					"rtt":	53846,
					"rttvar":	28,
					"pmtu":	1500,
					"omitted":	false,
					"sender":	true
				}],
			"sum":	{
				"start":	8.000093,
				"end":	9.000085,
				"seconds":	0.9999920129776,
				"bytes":	730071040,
				"bits_per_second":	5840614969.1225872,
				"retransmits":	141,
				"omitted":	false,
				"sender":	true
			}
		}, {
			"streams":	[{
					"socket":	7,
					"start":	9.000085,
					"end":	10.000078,
					"seconds":	0.99999302625656128,
					"bytes":	748421120,
					"bits_per_second":	5987410714.6661863,
					"retransmits":	9441,
					"snd_cwnd":	45462856,
					"rtt":	54947,
					"rttvar":	42,
					"pmtu":	1500,
					"omitted":	false,
					"sender":	true
				}],
			"sum":	{
				"start":	9.000085,
				"end":	10.000078,
				"seconds":	0.99999302625656128,
				"bytes":	748421120,
				"bits_per_second":	5987410714.6661863,
				"retransmits":	9441,
				"omitted":	false,
				"sender":	true
			}
		}],
	"end":	{
		"streams":	[{
				"sender":	{
					"socket":	7,
					"start":	0,
					"end":	10.000078,
					"seconds":	10.000078,
					"bytes":	7518384648,
					"bits_per_second":	6014660804.04573,
					"retransmits":	49857,
					"max_snd_cwnd":	162824704,
					"max_rtt":	55058,
					"min_rtt":	53740,
					"mean_rtt":	54215,
					"sender":	true
				},
				"receiver":	{
					"socket":	7,
					"start":	0,
					"end":	10.053735,
					"seconds":	10.000078,
					"bytes":	7447102192,
					"bits_per_second":	5925839256.35597,
					"sender":	true
				}
			}],
		"sum_sent":	{
			"start":	0,
			"end":	10.000078,
			"seconds":	10.000078,
			"bytes":	7518384648,
			"bits_per_second":	6014660804.04573,
			"retransmits":	49857,
			"sender":	true
		},
		"sum_received":	{
			"start":	0,
			"end":	10.053735,
			"seconds":	10.053735,
			"bytes":	7447102192,
			"bits_per_second":	5925839256.35597,
			"sender":	true
		},
		"cpu_utilization_percent":	{
			"host_total":	25.904796690304348,
			"host_user":	0.44127529617739536,
			"host_system":	25.463521394126953,
			"remote_total":	0.89331685327757959,
			"remote_user":	0.01880265147642958,
			"remote_system":	0.87451420180115
		},
		"sender_tcp_congestion":	"bbr",
		"receiver_tcp_congestion":	"cubic"
	}
}
