{
	"start":	{
		"connected":	[{
				"socket":	7,
				"local_host":	"172.16.0.6",
				"local_port":	50410,
				"remote_host":	"172.17.0.6",
				"remote_port":	5201
			}],
		"version":	"iperf 3.9",
		"system_info":	"Linux h1 6.4.0-bbrv3 #1 SMP PREEMPT_DYNAMIC Tue Oct  8 11:37:28 UTC 2024 x86_64",
		"timestamp":	{
			"time":	"Fri, 25 Oct 2024 17:49:57 GMT",
			"timesecs":	1729878597
		},
		"connecting_to":	{
			"host":	"172.17.0.6",
			"port":	5201
		},
		"cookie":	"qg2nekmfqjcl3kpqjm62izz5qkpxrhcxs7sp",
		"tcp_mss_default":	1448,
		"sock_bufsize":	0,
		"sndbuf_actual":	1000000,
		"rcvbuf_actual":	1000000,
		"test_start":	{
			"protocol":	"TCP",
			"num_streams":	1,
			"blksize":	131072,
			"omit":	0,
			"duration":	10,
			"bytes":	0,
			"blocks":	0,
			"reverse":	0,
			"tos":	0
		}
	},
	"intervals":	[{
			"streams":	[{
					"socket":	7,
					"start":	0,
					"end":	1.000089,
					"seconds":	1.0000890493392944,
					"bytes":	361794080,
					"bits_per_second":	2894094922.7592731,
					"retransmits":	14184,
					"snd_cwnd":	43786072,
					"rtt":	53761,
					"rttvar":	103,
					"pmtu":	1500,
					"omitted":	false,
					"sender":	true
				}],
			"sum":	{
				"start":	0,
				"end":	1.000089,
				"seconds":	1.0000890493392944,
				"bytes":	361794080,
				"bits_per_second":	2894094922.7592731,
				"retransmits":	14184,
				"omitted":	false,
				"sender":	true
			}
		}, {
			"streams":	[{
					"socket":	7,
					"start":	1.000089,
					"end":	2.000046,
					"seconds":	0.999957025051117,
					"bytes":	734003200,
					"bits_per_second":	5872277960.8451948,
					"retransmits":	851,
					"snd_cwnd":	43712224,
					"rtt":	53919,
					"rttvar":	37,
					"pmtu":	1500,
					"omitted":	false,
					"sender":	true
				}],
			"sum":	{
				"start":	1.000089,
				"end":	2.000046,
				"seconds":	0.999957025051117,
				"bytes":	734003200,
				"bits_per_second":	5872277960.8451948,
				"retransmits":	851,
				"omitted":	false,
				"sender":	true
			}
		}, {
			"streams":	[{
					"socket":	7,
					"start":	2.000046,
					"end":	3.00006,
					"seconds":	1.0000139474868774,
					"bytes":	737935360,
					"bits_per_second":	5903400542.3984022,
					"retransmits":	0,
					"snd_cwnd":	43712224,
					"rtt":	53901,
					"rttvar":	35,
					"pmtu":	1500,
					"omitted":	false,
					"sender":	true
				}],
			"sum":	{
				"start":	2.000046,
				"end":	3.00006,
				"seconds":	1.0000139474868774,
				"bytes":	737935360,
				"bits_per_second":	5903400542.3984022,
				"retransmits":	0,
				"omitted":	false,
				"sender":	true
			}
		}, {
			"streams":	[{
					"socket":	7,
					"start":	3.00006,
					"end":	4.000413,
					"seconds":	1.00035297870636,
					"bytes":	752353280,
					"bits_per_second":	6016702472.14483,
					"retransmits":	2241,
					"snd_cwnd":	71728128,
					"rtt":	53898,
					"rttvar":	64,
					"pmtu":	1500,
					"omitted":	false,
					"sender":	true
				}],
			"sum":	{
				"start":	3.00006,
				"end":	4.000413,
				"seconds":	1.00035297870636,
				"bytes":	752353280,
				"bits_per_second":	6016702472.14483,
				"retransmits":	2241,
				"omitted":	false,
				"sender":	true
			}
		}, {
			"streams":	[{
					"socket":	7,
					"start":	4.000413,
					"end":	5.00005,
					"seconds":	0.999637007713318,
					"bytes":	985661440,
					"bits_per_second":	7888154859.3701057,
					"retransmits":	2462,
					"snd_cwnd":	58898848,
					"rtt":	53867,
					"rttvar":	34,
					"pmtu":	1500,
					"omitted":	false,
					"sender":	true
				}],
			"sum":	{
				"start":	4.000413,
				"end":	5.00005,
				"seconds":	0.999637007713318,
				"bytes":	985661440,
				"bits_per_second":	7888154859.3701057,
				"retransmits":	2462,
				"omitted":	false,
				"sender":	true
			}
		}, {
			"streams":	[{
					"socket":	7,
					"start":	5.00005,
					"end":	6.000101,
					"seconds":	1.0000510215759277,
					"bytes":	811335680,
					"bits_per_second":	6490354291.8956985,
					"retransmits":	2366,
					"snd_cwnd":	24109200,
					"rtt":	53972,
					"rttvar":	25,
					"pmtu":	1500,
					"omitted":	false,
					"sender":	true
				}],
			"sum":	{
				"start":	5.00005,
				"end":	6.000101,
				"seconds":	1.0000510215759277,
				"bytes":	811335680,
				"bits_per_second":	6490354291.8956985,
				"retransmits":	2366,
				"omitted":	false,
				"sender":	true
			}
		}, {
			"streams":	[{
					"socket":	7,
					"start":	6.000101,
					"end":	7.000046,
					"seconds":	0.99994498491287231,
					"bytes":	866385920,
					"bits_per_second":	6931468695.3541975,
					"retransmits":	966,
					"snd_cwnd":	59654704,
					"rtt":	53876,
					"rttvar":	30,
					"pmtu":	1500,
					"omitted":	false,
					"sender":	true
				}],
			"sum":	{
				"start":	6.000101,
				"end":	7.000046,
				"seconds":	0.99994498491287231,
				"bytes":	866385920,
				"bits_per_second":	6931468695.3541975,
				"retransmits":	966,
				"omitted":	false,
				"sender":	true
			}
		}, {
			"streams":	[{
					"socket":	7,
					"start":	7.000046,
					"end":	8.000149,
					"seconds":	1.0001029968261719,
					"bytes":	853278720,
					"bits_per_second":	6825526752.40755,
					"retransmits":	4855,
					"snd_cwnd":	52478416,
					"rtt":	53933,
					"rttvar":	47,
					"pmtu":	1500,
					"omitted":	false,
					"sender":	true
				}],
			"sum":	{
				"start":	7.000046,
				"end":	8.000149,
				"seconds":	1.0001029968261719,
				"bytes":	853278720,
				"bits_per_second":	6825526752.40755,
				"retransmits":	4855,
				"omitted":	false,
				"sender":	true
			}
		}, {
			"streams":	[{
					"socket":	7,
					"start":	8.000149,
					"end":	9.000024,
					"seconds":	0.999875009059906,
					"bytes":	909639680,
					"bits_per_second":	7278027127.45269,
					"retransmits":	2448,
					"snd_cwnd":	71728128,
					"rtt":	53915,
					"rttvar":	33,
					"pmtu":	1500,
					"omitted":	false,
					"sender":	true
				}],
			"sum":	{
				"start":	8.000149,
				"end":	9.000024,
				"seconds":	0.999875009059906,
				"bytes":	909639680,
				"bits_per_second":	7278027127.45269,
				"retransmits":	2448,
				"omitted":	false,
				"sender":	true
			}
		}, {
			"streams":	[{
					"socket":	7,
					"start":	9.000024,
					"end":	10.000572,
					"seconds":	1.0005480051040649,
					"bytes":	1006632960,
					"bits_per_second":	8048652977.0877085,
					"retransmits":	0,
					"snd_cwnd":	61080984,
					"rtt":	53942,
					"rttvar":	38,
					"pmtu":	1500,
					"omitted":	false,
					"sender":	true
				}],
			"sum":	{
				"start":	9.000024,
				"end":	10.000572,
				"seconds":	1.0005480051040649,
				"bytes":	1006632960,
				"bits_per_second":	8048652977.0877085,
				"retransmits":	0,
				"omitted":	false,
				"sender":	true
			}
		}],
	"end":	{
		"streams":	[{
				"sender":	{
					"socket":	7,
					"start":	0,
					"end":	10.000572,
					"seconds":	10.000572,
					"bytes":	8019020320,
					"bits_per_second":	6414849326.6185179,
					"retransmits":	30373,
					"max_snd_cwnd":	71728128,
					"max_rtt":	53972,
					"min_rtt":	53761,
					"mean_rtt":	53898,
					"sender":	true
				},
				"receiver":	{
					"socket":	7,
					"start":	0,
					"end":	10.054339,
					"seconds":	10.000572,
					"bytes":	7942573944,
					"bits_per_second":	6319718437.1841841,
					"sender":	true
				}
			}],
		"sum_sent":	{
			"start":	0,
			"end":	10.000572,
			"seconds":	10.000572,
			"bytes":	8019020320,
			"bits_per_second":	6414849326.6185179,
			"retransmits":	30373,
			"sender":	true
		},
		"sum_received":	{
			"start":	0,
			"end":	10.054339,
			"seconds":	10.054339,
			"bytes":	7942573944,
			"bits_per_second":	6319718437.1841841,
			"sender":	true
		},
		"cpu_utilization_percent":	{
			"host_total":	29.410125449644735,
			"host_user":	0.38768010757536359,
			"host_system":	29.022687751220722,
			"remote_total":	0.82175918578860729,
			"remote_user":	0.00772412850685192,
			"remote_system":	0.81403478921316
		},
		"sender_tcp_congestion":	"bbr",
		"receiver_tcp_congestion":	"cubic"
	}
}
