{
	"start":	{
		"connected":	[{
				"socket":	7,
				"local_host":	"172.16.0.7",
				"local_port":	48158,
				"remote_host":	"172.17.0.7",
				"remote_port":	5201
			}],
		"version":	"iperf 3.9",
		"system_info":	"Linux h1 6.4.0-bbrv3 #1 SMP PREEMPT_DYNAMIC Tue Oct  8 11:37:28 UTC 2024 x86_64",
		"timestamp":	{
			"time":	"Fri, 25 Oct 2024 17:50:09 GMT",
			"timesecs":	1729878609
		},
		"connecting_to":	{
			"host":	"172.17.0.7",
			"port":	5201
		},
		"cookie":	"vejbrf3724rpbppds75hdy4pmxqrxbglzns3",
		"tcp_mss_default":	1448,
		"sock_bufsize":	0,
		"sndbuf_actual":	1000000,
		"rcvbuf_actual":	1000000,
		"test_start":	{
			"protocol":	"TCP",
			"num_streams":	1,
			"blksize":	131072,
			"omit":	0,
			"duration":	10,
			"bytes":	0,
			"blocks":	0,
			"reverse":	0,
			"tos":	0
		}
	},
	"intervals":	[{
			"streams":	[{
					"socket":	7,
					"start":	0,
					"end":	1.000183,
					"seconds":	1.0001829862594604,
					"bytes":	367096328,
					"bits_per_second":	2936233333.6453733,
					"retransmits":	13548,
					"snd_cwnd":	70239584,
					"rtt":	53960,
					"rttvar":	74,
					"pmtu":	1500,
					"omitted":	false,
					"sender":	true
				}],
			"sum":	{
				"start":	0,
				"end":	1.000183,
				"seconds":	1.0001829862594604,
				"bytes":	367096328,
				"bits_per_second":	2936233333.6453733,
				"retransmits":	13548,
				"omitted":	false,
				"sender":	true
			}
		}, {
			"streams":	[{
					"socket":	7,
					"start":	1.000183,
					"end":	2.000865,
					"seconds":	1.00068199634552,
					"bytes":	1057751040,
					"bits_per_second":	8456241194.4085779,
					"retransmits":	1653,
					"snd_cwnd":	60005120,
					"rtt":	53917,
					"rttvar":	48,
					"pmtu":	1500,
					"omitted":	false,
					"sender":	true
				}],
			"sum":	{
				"start":	1.000183,
				"end":	2.000865,
				"seconds":	1.00068199634552,
				"bytes":	1057751040,
				"bits_per_second":	8456241194.4085779,
				"retransmits":	1653,
				"omitted":	false,
				"sender":	true
			}
		}, {
			"streams":	[{
					"socket":	7,
					"start":	2.000865,
					"end":	3.000087,
					"seconds":	0.99922198057174683,
					"bytes":	891289600,
					"bits_per_second":	7135868644.44284,
					"retransmits":	5822,
					"snd_cwnd":	55840672,
					"rtt":	55387,
					"rttvar":	829,
					"pmtu":	1500,
					"omitted":	false,
					"sender":	true
				}],
			"sum":	{
				"start":	2.000865,
				"end":	3.000087,
				"seconds":	0.99922198057174683,
				"bytes":	891289600,
				"bits_per_second":	7135868644.44284,
				"retransmits":	5822,
				"omitted":	false,
				"sender":	true
			}
		}, {
			"streams":	[{
					"socket":	7,
					"start":	3.000087,
					"end":	4.000071,
					"seconds":	0.9999840259552002,
					"bytes":	792985600,
					"bits_per_second":	6343986139.1187954,
					"retransmits":	6389,
					"snd_cwnd":	56713816,
					"rtt":	53827,
					"rttvar":	29,
					"pmtu":	1500,
					"omitted":	false,
					"sender":	true
				}],
			"sum":	{
				"start":	3.000087,
				"end":	4.000071,
				"seconds":	0.9999840259552002,
				"bytes":	792985600,
				"bits_per_second":	6343986139.1187954,
				"retransmits":	6389,
				"omitted":	false,
				"sender":	true
			}
		}, {
			"streams":	[{
					"socket":	7,
					"start":	4.000071,
					"end":	5.000045,
					"seconds":	0.999974012374878,
					"bytes":	770703360,
					"bits_per_second":	6165787114.1641054,
					"retransmits":	6309,
					"snd_cwnd":	45968208,
					"rtt":	53879,
					"rttvar":	35,
					"pmtu":	1500,
					"omitted":	false,
					"sender":	true
				}],
			"sum":	{
				"start":	4.000071,
				"end":	5.000045,
				"seconds":	0.999974012374878,
				"bytes":	770703360,
				"bits_per_second":	6165787114.1641054,
				"retransmits":	6309,
				"omitted":	false,
				"sender":	true
			}
		}, {
			"streams":	[{
					"socket":	7,
					"start":	5.000045,
					"end":	6.000162,
					"seconds":	1.0001169443130493,
					"bytes":	694681600,
					"bits_per_second":	5556802963.4946833,
					"retransmits":	5606,
					"snd_cwnd":	19023824,
					"rtt":	53835,
					"rttvar":	55,
					"pmtu":	1500,
					"omitted":	false,
					"sender":	true
				}],
			"sum":	{
				"start":	5.000045,
				"end":	6.000162,
				"seconds":	1.0001169443130493,
				"bytes":	694681600,
				"bits_per_second":	5556802963.4946833,
				"retransmits":	5606,
				"omitted":	false,
				"sender":	true
			}
		}, {
			"streams":	[{
					"socket":	7,
					"start":	6.000162,
					"end":	7.000069,
					"seconds":	0.99990701675415039,
					"bytes":	863764480,
					"bits_per_second":	6910758424.7496157,
					"retransmits":	0,
					"snd_cwnd":	61076640,
					"rtt":	53903,
					"rttvar":	44,
					"pmtu":	1500,
					"omitted":	false,
					"sender":	true
				}],
			"sum":	{
				"start":	6.000162,
				"end":	7.000069,
				"seconds":	0.99990701675415039,
				"bytes":	863764480,
				"bits_per_second":	6910758424.7496157,
				"retransmits":	0,
				"omitted":	false,
				"sender":	true
			}
		}, {
			"streams":	[{
					"socket":	7,
					"start":	7.000069,
					"end":	8.000085,
					"seconds":	1.0000159740448,
					"bytes":	955514880,
					"bits_per_second":	7643996934.45052,
					"retransmits":	15852,
					"snd_cwnd":	59065368,
					"rtt":	55072,
					"rttvar":	138,
					"pmtu":	1500,
					"omitted":	false,
					"sender":	true
				}],
			"sum":	{
				"start":	7.000069,
				"end":	8.000085,
				"seconds":	1.0000159740448,
				"bytes":	955514880,
				"bits_per_second":	7643996934.45052,
				"retransmits":	15852,
				"omitted":	false,
				"sender":	true
			}
		}, {
			"streams":	[{
					"socket":	7,
					"start":	8.000085,
					"end":	9.000042,
					"seconds":	0.999957025051117,
					"bytes":	997457920,
					"bits_per_second":	7980006300.3628445,
					"retransmits":	257,
					"snd_cwnd":	61076640,
					"rtt":	53941,
					"rttvar":	33,
					"pmtu":	1500,
					"omitted":	false,
					"sender":	true
				}],
			"sum":	{
				"start":	8.000085,
				"end":	9.000042,
				"seconds":	0.999957025051117,
				"bytes":	997457920,
				"bits_per_second":	7980006300.3628445,
				"retransmits":	257,
				"omitted":	false,
				"sender":	true
			}
		}, {
			"streams":	[{
					"socket":	7,
					"start":	9.000042,
					"end":	10.000049,
					"seconds":	1.0000070333480835,
					"bytes":	844103680,
					"bits_per_second":	6752781945.3340464,
					"retransmits":	4254,
					"snd_cwnd":	51456128,
					"rtt":	53887,
					"rttvar":	26,
					"pmtu":	1500,
					"omitted":	false,
					"sender":	true
				}],
			"sum":	{
				"start":	9.000042,
				"end":	10.000049,
				"seconds":	1.0000070333480835,
				"bytes":	844103680,
				"bits_per_second":	6752781945.3340464,
				"retransmits":	4254,
				"omitted":	false,
				"sender":	true
			}
		}],
	"end":	{
		"streams":	[{
				"sender":	{
					"socket":	7,
					"start":	0,
					"end":	10.000049,
					"seconds":	10.000049,
					"bytes":	8235348488,
					"bits_per_second":	6588246507.99211,
					"retransmits":	59690,
					"max_snd_cwnd":	70239584,
					"max_rtt":	55387,
					"min_rtt":	53827,
					"mean_rtt":	54160,
					"sender":	true
				},
				"receiver":	{
					"socket":	7,
					"start":	0,
					"end":	10.053824,
					"seconds":	10.000049,
					"bytes":	8150030352,
					"bits_per_second":	6485118778.2877436,
					"sender":	true
				}
			}],
		"sum_sent":	{
			"start":	0,
			"end":	10.000049,
			"seconds":	10.000049,
			"bytes":	8235348488,
			"bits_per_second":	6588246507.99211,
			"retransmits":	59690,
			"sender":	true
		},
		"sum_received":	{
			"start":	0,
			"end":	10.053824,
			"seconds":	10.053824,
			"bytes":	8150030352,
			"bits_per_second":	6485118778.2877436,
			"sender":	true
		},
		"cpu_utilization_percent":	{
			"host_total":	31.968054339472733,
			"host_user":	0.42763549662667139,
			"host_system":	31.540399445867106,
			"remote_total":	0.86836488957613667,
			"remote_user":	0.015715025141690746,
			"remote_system":	0.85264960482357
		},
		"sender_tcp_congestion":	"bbr",
		"receiver_tcp_congestion":	"cubic"
	}
}
