{
	"start":	{
		"connected":	[{
				"socket":	7,
				"local_host":	"172.16.0.8",
				"local_port":	35650,
				"remote_host":	"172.17.0.8",
				"remote_port":	5201
			}],
		"version":	"iperf 3.9",
		"system_info":	"Linux h1 6.4.0-bbrv3 #1 SMP PREEMPT_DYNAMIC Tue Oct  8 11:37:28 UTC 2024 x86_64",
		"timestamp":	{
			"time":	"Fri, 25 Oct 2024 17:50:20 GMT",
			"timesecs":	1729878620
		},
		"connecting_to":	{
			"host":	"172.17.0.8",
			"port":	5201
		},
		"cookie":	"gcinusnd2ibs5fronpoimdndoqkbpohugl64",
		"tcp_mss_default":	1448,
		"sock_bufsize":	0,
		"sndbuf_actual":	1000000,
		"rcvbuf_actual":	1000000,
		"test_start":	{
			"protocol":	"TCP",
			"num_streams":	1,
			"blksize":	131072,
			"omit":	0,
			"duration":	10,
			"bytes":	0,
			"blocks":	0,
			"reverse":	0,
			"tos":	0
		}
	},
	"intervals":	[{
			"streams":	[{
					"socket":	7,
					"start":	0,
					"end":	1.000066,
					"seconds":	1.0000660419464111,
					"bytes":	275215608,
					"bits_per_second":	2201579467.4067936,
					"retransmits":	5131,
					"snd_cwnd":	76444264,
					"rtt":	55017,
					"rttvar":	31,
					"pmtu":	1500,
					"omitted":	false,
					"sender":	true
				}],
			"sum":	{
				"start":	0,
				"end":	1.000066,
				"seconds":	1.0000660419464111,
				"bytes":	275215608,
				"bits_per_second":	2201579467.4067936,
				"retransmits":	5131,
				"omitted":	false,
				"sender":	true
			}
		}, {
			"streams":	[{
					"socket":	7,
					"start":	1.000066,
					"end":	2.000029,
					"seconds":	0.99996298551559448,
					"bytes":	990904320,
					"bits_per_second":	7927527993.3612843,
					"retransmits":	18814,
					"snd_cwnd":	68300712,
					"rtt":	55305,
					"rttvar":	622,
					"pmtu":	1500,
					"omitted":	false,
					"sender":	true
				}],
			"sum":	{
				"start":	1.000066,
				"end":	2.000029,
				"seconds":	0.99996298551559448,
				"bytes":	990904320,
				"bits_per_second":	7927527993.3612843,
				"retransmits":	18814,
				"omitted":	false,
				"sender":	true
			}
		}, {
			"streams":	[{
					"socket":	7,
					"start":	2.000029,
					"end":	3.000287,
					"seconds":	1.0002579689025879,
					"bytes":	766771200,
					"bits_per_second":	6132587583.11116,
					"retransmits":	2162,
					"snd_cwnd":	43461720,
					"rtt":	54427,
					"rttvar":	898,
					"pmtu":	1500,
					"omitted":	false,
					"sender":	true
				}],
			"sum":	{
				"start":	2.000029,
				"end":	3.000287,
				"seconds":	1.0002579689025879,
				"bytes":	766771200,
				"bits_per_second":	6132587583.11116,
				"retransmits":	2162,
				"omitted":	false,
				"sender":	true
			}
		}, {
			"streams":	[{
					"socket":	7,
					"start":	3.000287,
					"end":	4.000081,
					"seconds":	0.99979400634765625,
					"bytes":	872939520,
					"bits_per_second":	6984955016.3952837,
					"retransmits":	2783,
					"snd_cwnd":	53959720,
					"rtt":	53884,
					"rttvar":	26,
					"pmtu":	1500,
					"omitted":	false,
					"sender":	true
				}],
			"sum":	{
				"start":	3.000287,
				"end":	4.000081,
				"seconds":	0.99979400634765625,
				"bytes":	872939520,
				"bits_per_second":	6984955016.3952837,
				"retransmits":	2783,
				"omitted":	false,
				"sender":	true
			}
		}, {
			"streams":	[{
					"socket":	7,
					"start":	4.000081,
					"end":	5.000096,
					"seconds":	1.0000150203704834,
					"bytes":	798228480,
					"bits_per_second":	6385731923.9406948,
					"retransmits":	3021,
					"snd_cwnd":	43835304,
					"rtt":	53863,
					"rttvar":	28,
					"pmtu":	1500,
					"omitted":	false,
					"sender":	true
				}],
			"sum":	{
				"start":	4.000081,
				"end":	5.000096,
				"seconds":	1.0000150203704834,
				"bytes":	798228480,
				"bits_per_second":	6385731923.9406948,
				"retransmits":	3021,
				"omitted":	false,
				"sender":	true
			}
		}, {
			"streams":	[{
					"socket":	7,
					"start":	5.000096,
					"end":	6.000482,
					"seconds":	1.0003859996795654,
					"bytes":	760217600,
					"bits_per_second":	6079394155.8039074,
					"retransmits":	2459,
					"snd_cwnd":	47600104,
					"rtt":	53888,
					"rttvar":	31,
					"pmtu":	1500,
					"omitted":	false,
					"sender":	true
				}],
			"sum":	{
				"start":	5.000096,
				"end":	6.000482,
				"seconds":	1.0003859996795654,
				"bytes":	760217600,
				"bits_per_second":	6079394155.8039074,
				"retransmits":	2459,
				"omitted":	false,
				"sender":	true
			}
		}, {
			"streams":	[{
					"socket":	7,
					"start":	6.000482,
					"end":	7.000044,
					"seconds":	0.99956202507019043,
					"bytes":	730071040,
					"bits_per_second":	5843127463.3406248,
					"retransmits":	991,
					"snd_cwnd":	43901912,
					"rtt":	53837,
					"rttvar":	30,
					"pmtu":	1500,
					"omitted":	false,
					"sender":	true
				}],
			"sum":	{
				"start":	6.000482,
				"end":	7.000044,
				"seconds":	0.99956202507019043,
				"bytes":	730071040,
				"bits_per_second":	5843127463.3406248,
				"retransmits":	991,
				"omitted":	false,
				"sender":	true
			}
		}, {
			"streams":	[{
					"socket":	7,
					"start":	7.000044,
					"end":	8.000059,
					"seconds":	1.0000150203704834,
					"bytes":	492830720,
					"bits_per_second":	3942586540.889493,
					"retransmits":	10870,
					"snd_cwnd":	21537552,
					"rtt":	53899,
					"rttvar":	55,
					"pmtu":	1500,
					"omitted":	false,
					"sender":	true
				}],
			"sum":	{
				"start":	7.000044,
				"end":	8.000059,
				"seconds":	1.0000150203704834,
				"bytes":	492830720,
				"bits_per_second":	3942586540.889493,
				"retransmits":	10870,
				"omitted":	false,
				"sender":	true
			}
		}, {
			"streams":	[{
					"socket":	7,
					"start":	8.000059,
					"end":	9.00006,
					"seconds":	1.0000009536743164,
					"bytes":	339476480,
					"bits_per_second":	2715809250.00247,
					"retransmits":	1692,
					"snd_cwnd":	19054232,
					"rtt":	53833,
					"rttvar":	35,
					"pmtu":	1500,
					"omitted":	false,
					"sender":	true
				}],
			"sum":	{
				"start":	8.000059,
				"end":	9.00006,
				"seconds":	1.0000009536743164,
				"bytes":	339476480,
				"bits_per_second":	2715809250.00247,
				"retransmits":	1692,
				"omitted":	false,
				"sender":	true
			}
		}, {
			"streams":	[{
					"socket":	7,
					"start":	9.00006,
					"end":	10.000127,
					"seconds":	1.0000669956207275,
					"bytes":	484966400,
					"bits_per_second":	3879471292.41267,
					"retransmits":	25390,
					"snd_cwnd":	31150824,
					"rtt":	53905,
					"rttvar":	32,
					"pmtu":	1500,
					"omitted":	false,
					"sender":	true
				}],
			"sum":	{
				"start":	9.00006,
				"end":	10.000127,
				"seconds":	1.0000669956207275,
				"bytes":	484966400,
				"bits_per_second":	3879471292.41267,
				"retransmits":	25390,
				"omitted":	false,
				"sender":	true
			}
		}],
	"end":	{
		"streams":	[{
				"sender":	{
					"socket":	7,
					"start":	0,
					"end":	10.000127,
					"seconds":	10.000127,
					"bytes":	6511621368,
					"bits_per_second":	5209230937.1670971,
					"retransmits":	73313,
					"max_snd_cwnd":	76444264,
					"max_rtt":	55305,
					"min_rtt":	53833,
					"mean_rtt":	54185,
					"sender":	true
				},
				"receiver":	{
					"socket":	7,
					"start":	0,
					"end":	10.053877,
					"seconds":	10.000127,
					"bytes":	6406531200,
					"bits_per_second":	5097759759.7424355,
					"sender":	true
				}
			}],
		"sum_sent":	{
			"start":	0,
			"end":	10.000127,
			"seconds":	10.000127,
			"bytes":	6511621368,
			"bits_per_second":	5209230937.1670971,
			"retransmits":	73313,
			"sender":	true
		},
		"sum_received":	{
			"start":	0,
			"end":	10.053877,
			"seconds":	10.053877,
			"bytes":	6406531200,
			"bits_per_second":	5097759759.7424355,
			"sender":	true
		},
		"cpu_utilization_percent":	{
			"host_total":	21.884830086930734,
			"host_user":	0.45044630055374568,
			"host_system":	21.434587437097381,
			"remote_total":	0.75173439611348625,
			"remote_user":	0.00421932768706604,
			"remote_system":	0.74751481649617857
		},
		"sender_tcp_congestion":	"bbr",
		"receiver_tcp_congestion":	"cubic"
	}
}
