{
	"start":	{
		"connected":	[{
				"socket":	7,
				"local_host":	"172.16.0.9",
				"local_port":	43260,
				"remote_host":	"172.17.0.9",
				"remote_port":	5201
			}],
		"version":	"iperf 3.9",
		"system_info":	"Linux h1 6.4.0-bbrv3 #1 SMP PREEMPT_DYNAMIC Tue Oct  8 11:37:28 UTC 2024 x86_64",
		"timestamp":	{
			"time":	"Fri, 25 Oct 2024 17:50:33 GMT",
			"timesecs":	1729878633
		},
		"connecting_to":	{
			"host":	"172.17.0.9",
			"port":	5201
		},
		"cookie":	"lmyg5g5wemebquuxsywyg24iemsctpbma3aw",
		"tcp_mss_default":	1448,
		"sock_bufsize":	0,
		"sndbuf_actual":	1000000,
		"rcvbuf_actual":	1000000,
		"test_start":	{
			"protocol":	"TCP",
			"num_streams":	1,
			"blksize":	131072,
			"omit":	0,
			"duration":	10,
			"bytes":	0,
			"blocks":	0,
			"reverse":	0,
			"tos":	0
		}
	},
	"intervals":	[{
			"streams":	[{
					"socket":	7,
					"start":	0,
					"end":	1.000074,
					"seconds":	1.000074028968811,
					"bytes":	377522720,
					"bits_per_second":	3019958195.6089268,
					"retransmits":	7276,
					"snd_cwnd":	182633344,
					"rtt":	54032,
					"rttvar":	136,
					"pmtu":	1500,
					"omitted":	false,
					"sender":	true
				}],
			"sum":	{
				"start":	0,
				"end":	1.000074,
				"seconds":	1.000074028968811,
				"bytes":	377522720,
				"bits_per_second":	3019958195.6089268,
				"retransmits":	7276,
				"omitted":	false,
				"sender":	true
			}
		}, {
			"streams":	[{
					"socket":	7,
					"start":	1.000074,
					"end":	2.000047,
					"seconds":	0.99997299909591675,
					"bytes":	874250240,
					"bits_per_second":	6994190769.4741068,
					"retransmits":	5991,
					"snd_cwnd":	66425552,
					"rtt":	53876,
					"rttvar":	37,
					"pmtu":	1500,
					"omitted":	false,
					"sender":	true
				}],
			"sum":	{
				"start":	1.000074,
				"end":	2.000047,
				"seconds":	0.99997299909591675,
				"bytes":	874250240,
				"bits_per_second":	6994190769.4741068,
				"retransmits":	5991,
				"omitted":	false,
				"sender":	true
			}
		}, {
			"streams":	[{
					"socket":	7,
					"start":	2.000047,
					"end":	3.000109,
					"seconds":	1.0000619888305664,
					"bytes":	837550080,
					"bits_per_second":	6699985315.7454653,
					"retransmits":	3590,
					"snd_cwnd":	52695616,
					"rtt":	53770,
					"rttvar":	390,
					"pmtu":	1500,
					"omitted":	false,
					"sender":	true
				}],
			"sum":	{
				"start":	2.000047,
				"end":	3.000109,
				"seconds":	1.0000619888305664,
				"bytes":	837550080,
				"bits_per_second":	6699985315.7454653,
				"retransmits":	3590,
				"omitted":	false,
				"sender":	true
			}
		}, {
			"streams":	[{
					"socket":	7,
					"start":	3.000109,
					"end":	4.000069,
					"seconds":	0.99996000528335571,
					"bytes":	816578560,
					"bits_per_second":	6532889761.0748625,
					"retransmits":	12425,
					"snd_cwnd":	51110056,
					"rtt":	53884,
					"rttvar":	38,
					"pmtu":	1500,
					"omitted":	false,
					"sender":	true
				}],
			"sum":	{
				"start":	3.000109,
				"end":	4.000069,
				"seconds":	0.99996000528335571,
				"bytes":	816578560,
				"bits_per_second":	6532889761.0748625,
				"retransmits":	12425,
				"omitted":	false,
				"sender":	true
			}
		}, {
			"streams":	[{
					"socket":	7,
					"start":	4.000069,
					"end":	5.000213,
					"seconds":	1.0001440048217773,
					"bytes":	764149760,
					"bits_per_second":	6112317876.75351,
					"retransmits":	525,
					"snd_cwnd":	43939560,
					"rtt":	53842,
					"rttvar":	49,
					"pmtu":	1500,
					"omitted":	false,
					"sender":	true
				}],
			"sum":	{
				"start":	4.000069,
				"end":	5.000213,
				"seconds":	1.0001440048217773,
				"bytes":	764149760,
				"bits_per_second":	6112317876.75351,
				"retransmits":	525,
				"omitted":	false,
				"sender":	true
			}
		}, {
			"streams":	[{
					"socket":	7,
					"start":	5.000213,
					"end":	6.00019,
					"seconds":	0.9999769926071167,
					"bytes":	693370880,
					"bits_per_second":	5547094664.1863,
					"retransmits":	785,
					"snd_cwnd":	18606800,
					"rtt":	53845,
					"rttvar":	49,
					"pmtu":	1500,
					"omitted":	false,
					"sender":	true
				}],
			"sum":	{
				"start":	5.000213,
				"end":	6.00019,
				"seconds":	0.9999769926071167,
				"bytes":	693370880,
				"bits_per_second":	5547094664.1863,
				"retransmits":	785,
				"omitted":	false,
				"sender":	true
			}
		}, {
			"streams":	[{
					"socket":	7,
					"start":	6.00019,
					"end":	7.000106,
					"seconds":	0.99991601705551147,
					"bytes":	745799680,
					"bits_per_second":	5966898557.71034,
					"retransmits":	3178,
					"snd_cwnd":	58145888,
					"rtt":	53853,
					"rttvar":	45,
					"pmtu":	1500,
					"omitted":	false,
					"sender":	true
				}],
			"sum":	{
				"start":	6.00019,
				"end":	7.000106,
				"seconds":	0.99991601705551147,
				"bytes":	745799680,
				"bits_per_second":	5966898557.71034,
				"retransmits":	3178,
				"omitted":	false,
				"sender":	true
			}
		}, {
			"streams":	[{
					"socket":	7,
					"start":	7.000106,
					"end":	8.000095,
					"seconds":	0.99998897314071655,
					"bytes":	719585280,
					"bits_per_second":	5756745718.8249722,
					"retransmits":	7955,
					"snd_cwnd":	39937288,
					"rtt":	53945,
					"rttvar":	66,
					"pmtu":	1500,
					"omitted":	false,
					"sender":	true
				}],
			"sum":	{
				"start":	7.000106,
				"end":	8.000095,
				"seconds":	0.99998897314071655,
				"bytes":	719585280,
				"bits_per_second":	5756745718.8249722,
				"retransmits":	7955,
				"omitted":	false,
				"sender":	true
			}
		}, {
			"streams":	[{
					"socket":	7,
					"start":	8.000095,
					"end":	9.000248,
					"seconds":	1.0001529455184937,
					"bytes":	778567680,
					"bits_per_second":	6227588958.1778259,
					"retransmits":	13184,
					"snd_cwnd":	53258888,
					"rtt":	53912,
					"rttvar":	59,
					"pmtu":	1500,
					"omitted":	false,
					"sender":	true
				}],
			"sum":	{
				"start":	8.000095,
				"end":	9.000248,
				"seconds":	1.0001529455184937,
				"bytes":	778567680,
				"bits_per_second":	6227588958.1778259,
				"retransmits":	13184,
				"omitted":	false,
				"sender":	true
			}
		}, {
			"streams":	[{
					"socket":	7,
					"start":	9.000248,
					"end":	10.000325,
					"seconds":	1.00007700920105,
					"bytes":	865075200,
					"bits_per_second":	6920068691.0388937,
					"retransmits":	994,
					"snd_cwnd":	51747176,
					"rtt":	53908,
					"rttvar":	70,
					"pmtu":	1500,
					"omitted":	false,
					"sender":	true
				}],
			"sum":	{
				"start":	9.000248,
				"end":	10.000325,
				"seconds":	1.00007700920105,
				"bytes":	865075200,
				"bits_per_second":	6920068691.0388937,
				"retransmits":	994,
				"omitted":	false,
				"sender":	true
			}
		}],
	"end":	{
		"streams":	[{
				"sender":	{
					"socket":	7,
					"start":	0,
					"end":	10.000325,
					"seconds":	10.000325,
					"bytes":	7472450080,
					"bits_per_second":	5977765786.6119347,
					"retransmits":	55903,
					"max_snd_cwnd":	182633344,
					"max_rtt":	54032,
					"min_rtt":	53770,
					"mean_rtt":	53886,
					"sender":	true
				},
				"receiver":	{
					"socket":	7,
					"start":	0,
					"end":	10.05419,
					"seconds":	10.000325,
					"bytes":	7386072792,
					"bits_per_second":	5877010712.5486984,
					"sender":	true
				}
			}],
		"sum_sent":	{
			"start":	0,
			"end":	10.000325,
			"seconds":	10.000325,
			"bytes":	7472450080,
			"bits_per_second":	5977765786.6119347,
			"retransmits":	55903,
			"sender":	true
		},
		"sum_received":	{
			"start":	0,
			"end":	10.05419,
			"seconds":	10.05419,
			"bytes":	7386072792,
			"bits_per_second":	5877010712.5486984,
			"sender":	true
		},
		"cpu_utilization_percent":	{
			"host_total":	26.340593905774192,
			"host_user":	0.41587951199643119,
			"host_system":	25.924888957852477,
			"remote_total":	0.85508989459316431,
			"remote_user":	0.011663935895176562,
			"remote_system":	0.84342571416077683
		},
		"sender_tcp_congestion":	"bbr",
		"receiver_tcp_congestion":	"cubic"
	}
}
