{
	"start":	{
		"connected":	[{
				"socket":	7,
				"local_host":	"172.16.0.10",
				"local_port":	40792,
				"remote_host":	"172.17.0.10",
				"remote_port":	5201
			}],
		"version":	"iperf 3.9",
		"system_info":	"Linux h1 6.4.0-bbrv3 #1 SMP PREEMPT_DYNAMIC Tue Oct  8 11:37:28 UTC 2024 x86_64",
		"timestamp":	{
			"time":	"Fri, 25 Oct 2024 18:07:15 GMT",
			"timesecs":	1729879635
		},
		"connecting_to":	{
			"host":	"172.17.0.10",
			"port":	5201
		},
		"cookie":	"l7yggzme2xmbqyxhn24s3qgy4qmp42pr557d",
		"tcp_mss_default":	1448,
		"sock_bufsize":	0,
		"sndbuf_actual":	1000000,
		"rcvbuf_actual":	1000000,
		"test_start":	{
			"protocol":	"TCP",
			"num_streams":	1,
			"blksize":	131072,
			"omit":	0,
			"duration":	10,
			"bytes":	0,
			"blocks":	0,
			"reverse":	0,
			"tos":	0
		}
	},
	"intervals":	[{
			"streams":	[{
					"socket":	7,
					"start":	0,
					"end":	1.000068,
					"seconds":	1.0000679492950439,
					"bytes":	296317448,
					"bits_per_second":	2370378518.4506841,
					"retransmits":	4333,
					"snd_cwnd":	34146736,
					"rtt":	53862,
					"rttvar":	41,
					"pmtu":	1500,
					"omitted":	false,
					"sender":	true
				}],
			"sum":	{
				"start":	0,
				"end":	1.000068,
				"seconds":	1.0000679492950439,
				"bytes":	296317448,
				"bits_per_second":	2370378518.4506841,
				"retransmits":	4333,
				"omitted":	false,
				"sender":	true
			}
		}, {
			"streams":	[{
					"socket":	7,
					"start":	1.000068,
					"end":	2.000059,
					"seconds":	0.999990999698639,
					"bytes":	571473920,
					"bits_per_second":	4571832507.8703432,
					"retransmits":	5564,
					"snd_cwnd":	26748904,
					"rtt":	53872,
					"rttvar":	38,
					"pmtu":	1500,
					"omitted":	false,
					"sender":	true
				}],
			"sum":	{
				"start":	1.000068,
				"end":	2.000059,
				"seconds":	0.999990999698639,
				"bytes":	571473920,
				"bits_per_second":	4571832507.8703432,
				"retransmits":	5564,
				"omitted":	false,
				"sender":	true
			}
		}, {
			"streams":	[{
					"socket":	7,
					"start":	2.000059,
					"end":	3.000049,
					"seconds":	0.99998998641967773,
					"bytes":	473169920,
					"bits_per_second":	3785397265.3795686,
					"retransmits":	0,
					"snd_cwnd":	40098016,
					"rtt":	53836,
					"rttvar":	49,
					"pmtu":	1500,
					"omitted":	false,
					"sender":	true
				}],
			"sum":	{
				"start":	2.000059,
				"end":	3.000049,
				"seconds":	0.99998998641967773,
				"bytes":	473169920,
				"bits_per_second":	3785397265.3795686,
				"retransmits":	0,
				"omitted":	false,
				"sender":	true
			}
		}, {
			"streams":	[{
					"socket":	7,
					"start":	3.000049,
					"end":	4.000059,
					"seconds":	1.0000100135803223,
					"bytes":	709099520,
					"bits_per_second":	5672739355.5688162,
					"retransmits":	828,
					"snd_cwnd":	35520888,
					"rtt":	53829,
					"rttvar":	42,
					"pmtu":	1500,
					"omitted":	false,
					"sender":	true
				}],
			"sum":	{
				"start":	3.000049,
				"end":	4.000059,
				"seconds":	1.0000100135803223,
				"bytes":	709099520,
				"bits_per_second":	5672739355.5688162,
				"retransmits":	828,
				"omitted":	false,
				"sender":	true
			}
		}, {
			"streams":	[{
					"socket":	7,
					"start":	4.000059,
					"end":	5.000068,
					"seconds":	1.0000089406967163,
					"bytes":	656670720,
					"bits_per_second":	5253318791.66993,
					"retransmits":	0,
					"snd_cwnd":	35520888,
					"rtt":	53892,
					"rttvar":	57,
					"pmtu":	1500,
					"omitted":	false,
					"sender":	true
				}],
			"sum":	{
				"start":	4.000059,
				"end":	5.000068,
				"seconds":	1.0000089406967163,
				"bytes":	656670720,
				"bits_per_second":	5253318791.66993,
				"retransmits":	0,
				"omitted":	false,
				"sender":	true
			}
		}, {
			"streams":	[{
					"socket":	7,
					"start":	5.000068,
					"end":	6.000048,
					"seconds":	0.99997997283935547,
					"bytes":	598999040,
					"bits_per_second":	4792088291.9220448,
					"retransmits":	288,
					"snd_cwnd":	17513560,
					"rtt":	53783,
					"rttvar":	29,
					"pmtu":	1500,
					"omitted":	false,
					"sender":	true
				}],
			"sum":	{
				"start":	5.000068,
				"end":	6.000048,
				"seconds":	0.99997997283935547,
				"bytes":	598999040,
				"bits_per_second":	4792088291.9220448,
				"retransmits":	288,
				"omitted":	false,
				"sender":	true
			}
		}, {
			"streams":	[{
					"socket":	7,
					"start":	6.000048,
					"end":	7.000066,
					"seconds":	1.0000180006027222,
					"bytes":	609484800,
					"bits_per_second":	4875790632.8298616,
					"retransmits":	378,
					"snd_cwnd":	34966304,
					"rtt":	53912,
					"rttvar":	59,
					"pmtu":	1500,
					"omitted":	false,
					"sender":	true
				}],
			"sum":	{
				"start":	6.000048,
				"end":	7.000066,
				"seconds":	1.0000180006027222,
				"bytes":	609484800,
				"bits_per_second":	4875790632.8298616,
				"retransmits":	378,
				"omitted":	false,
				"sender":	true
			}
		}, {
			"streams":	[{
					"socket":	7,
					"start":	7.000066,
					"end":	8.00005,
					"seconds":	0.9999840259552002,
					"bytes":	609484800,
					"bits_per_second":	4875956288.7441978,
					"retransmits":	0,
					"snd_cwnd":	34966304,
					"rtt":	53895,
					"rttvar":	41,
					"pmtu":	1500,
					"omitted":	false,
					"sender":	true
				}],
			"sum":	{
				"start":	7.000066,
				"end":	8.00005,
				"seconds":	0.9999840259552002,
				"bytes":	609484800,
				"bits_per_second":	4875956288.7441978,
				"retransmits":	0,
				"omitted":	false,
				"sender":	true
			}
		}, {
			"streams":	[{
					"socket":	7,
					"start":	8.00005,
					"end":	9.000062,
					"seconds":	1.0000120401382446,
					"bytes":	627834880,
					"bits_per_second":	5022618566.9781036,
					"retransmits":	0,
					"snd_cwnd":	41712536,
					"rtt":	53911,
					"rttvar":	62,
					"pmtu":	1500,
					"omitted":	false,
					"sender":	true
				}],
			"sum":	{
				"start":	8.00005,
				"end":	9.000062,
				"seconds":	1.0000120401382446,
				"bytes":	627834880,
				"bits_per_second":	5022618566.9781036,
				"retransmits":	0,
				"omitted":	false,
				"sender":	true
			}
		}, {
			"streams":	[{
					"socket":	7,
					"start":	9.000062,
					"end":	10.00067,
					"seconds":	1.000607967376709,
					"bytes":	779878400,
					"bits_per_second":	6235236379.695076,
					"retransmits":	2553,
					"snd_cwnd":	49827128,
					"rtt":	53948,
					"rttvar":	48,
					"pmtu":	1500,
					"omitted":	false,
					"sender":	true
				}],
			"sum":	{
				"start":	9.000062,
				"end":	10.00067,
				"seconds":	1.000607967376709,
				"bytes":	779878400,
				"bits_per_second":	6235236379.695076,
				"retransmits":	2553,
				"omitted":	false,
				"sender":	true
			}
		}],
	"end":	{
		"streams":	[{
				"sender":	{
					"socket":	7,
					"start":	0,
					"end":	10.00067,
					"seconds":	10.00067,
					"bytes":	5932413448,
					"bits_per_second":	4745612802.3422432,
					"retransmits":	13944,
					"max_snd_cwnd":	49827128,
					"max_rtt":	53948,
					"min_rtt":	53783,
					"mean_rtt":	53874,
					"sender":	true
				},
				"receiver":	{
					"socket":	7,
					"start":	0,
					"end":	10.054545,
					"seconds":	10.00067,
					"bytes":	5867059280,
					"bits_per_second":	4668184809.9541054,
					"sender":	true
				}
			}],
		"sum_sent":	{
			"start":	0,
			"end":	10.00067,
			"seconds":	10.00067,
			"bytes":	5932413448,
			"bits_per_second":	4745612802.3422432,
			"retransmits":	13944,
			"sender":	true
		},
		"sum_received":	{
			"start":	0,
			"end":	10.054545,
			"seconds":	10.054545,
			"bytes":	5867059280,
			"bits_per_second":	4668184809.9541054,
			"sender":	true
		},
		"cpu_utilization_percent":	{
			"host_total":	18.207022416341161,
			"host_user":	0.23935912305132215,
			"host_system":	17.967711779924979,
			"remote_total":	2.3623598959254744,
			"remote_user":	0.049804912150902582,
			"remote_system":	2.312554983774572
		},
		"sender_tcp_congestion":	"bbr",
		"receiver_tcp_congestion":	"cubic"
	}
}
