{
	"start":	{
		"connected":	[{
				"socket":	7,
				"local_host":	"172.16.0.10",
				"local_port":	44356,
				"remote_host":	"172.17.0.10",
				"remote_port":	5201
			}],
		"version":	"iperf 3.9",
		"system_info":	"Linux h1 6.4.0-bbrv3 #1 SMP PREEMPT_DYNAMIC Tue Oct  8 11:37:28 UTC 2024 x86_64",
		"timestamp":	{
			"time":	"Tue, 14 Jan 2025 17:43:16 GMT",
			"timesecs":	1736876596
		},
		"connecting_to":	{
			"host":	"172.17.0.10",
			"port":	5201
		},
		"cookie":	"icec3px5pdlvxifrqrlkxjjz2ldzofv7bbtw",
		"tcp_mss_default":	1448,
		"sock_bufsize":	0,
		"sndbuf_actual":	1000000,
		"rcvbuf_actual":	1000000,
		"test_start":	{
			"protocol":	"TCP",
			"num_streams":	1,
			"blksize":	131072,
			"omit":	0,
			"duration":	10,
			"bytes":	0,
			"blocks":	0,
			"reverse":	0,
			"tos":	0
		}
	},
	"intervals":	[{
			"streams":	[{
					"socket":	7,
					"start":	0,
					"end":	1.00013,
					"seconds":	1.0001300573349,
					"bytes":	11760888,
					"bits_per_second":	94074868.8732733,
					"retransmits":	369,
					"snd_cwnd":	537208,
					"rtt":	46749,
					"rttvar":	38,
					"pmtu":	1500,
					"omitted":	false,
					"sender":	true
				}],
			"sum":	{
				"start":	0,
				"end":	1.00013,
				"seconds":	1.0001300573349,
				"bytes":	11760888,
				"bits_per_second":	94074868.8732733,
				"retransmits":	369,
				"omitted":	false,
				"sender":	true
			}
		}, {
			"streams":	[{
					"socket":	7,
					"start":	1.00013,
					"end":	2.000082,
					"seconds":	0.99995201826095581,
					"bytes":	11796480,
					"bits_per_second":	94376368.342277735,
					"retransmits":	0,
					"snd_cwnd":	537208,
					"rtt":	46812,
					"rttvar":	40,
					"pmtu":	1500,
					"omitted":	false,
					"sender":	true
				}],
			"sum":	{
				"start":	1.00013,
				"end":	2.000082,
				"seconds":	0.99995201826095581,
				"bytes":	11796480,
				"bits_per_second":	94376368.342277735,
				"retransmits":	0,
				"omitted":	false,
				"sender":	true
			}
		}, {
			"streams":	[{
					"socket":	7,
					"start":	2.000082,
					"end":	3.000073,
					"seconds":	0.999990999698639,
					"bytes":	11796480,
					"bits_per_second":	94372689.3826447,
					"retransmits":	32,
					"snd_cwnd":	637120,
					"rtt":	46787,
					"rttvar":	43,
					"pmtu":	1500,
					"omitted":	false,
					"sender":	true
				}],
			"sum":	{
				"start":	2.000082,
				"end":	3.000073,
				"seconds":	0.999990999698639,
				"bytes":	11796480,
				"bits_per_second":	94372689.3826447,
				"retransmits":	32,
				"omitted":	false,
				"sender":	true
			}
		}, {
			"streams":	[{
					"socket":	7,
					"start":	3.000073,
					"end":	4.000076,
					"seconds":	1.0000029802322388,
					"bytes":	14417920,
					"bits_per_second":	115343016.25102445,
					"retransmits":	44,
					"snd_cwnd":	754408,
					"rtt":	46815,
					"rttvar":	33,
					"pmtu":	1500,
					"omitted":	false,
					"sender":	true
				}],
			"sum":	{
				"start":	3.000073,
				"end":	4.000076,
				"seconds":	1.0000029802322388,
				"bytes":	14417920,
				"bits_per_second":	115343016.25102445,
				"retransmits":	44,
				"omitted":	false,
				"sender":	true
			}
		}, {
			"streams":	[{
					"socket":	7,
					"start":	4.000076,
					"end":	5.000063,
					"seconds":	0.999987006187439,
					"bytes":	15728640,
					"bits_per_second":	125830755.02124517,
					"retransmits":	10,
					"snd_cwnd":	745720,
					"rtt":	46854,
					"rttvar":	145,
					"pmtu":	1500,
					"omitted":	false,
					"sender":	true
				}],
			"sum":	{
				"start":	4.000076,
				"end":	5.000063,
				"seconds":	0.999987006187439,
				"bytes":	15728640,
				"bits_per_second":	125830755.02124517,
				"retransmits":	10,
				"omitted":	false,
				"sender":	true
			}
		}, {
			"streams":	[{
					"socket":	7,
					"start":	5.000063,
					"end":	6.000075,
					"seconds":	1.0000120401382446,
					"bytes":	14417920,
					"bits_per_second":	115341971.26672053,
					"retransmits":	13,
					"snd_cwnd":	754408,
					"rtt":	46759,
					"rttvar":	46,
					"pmtu":	1500,
					"omitted":	false,
					"sender":	true
				}],
			"sum":	{
				"start":	5.000063,
				"end":	6.000075,
				"seconds":	1.0000120401382446,
				"bytes":	14417920,
				"bits_per_second":	115341971.26672053,
				"retransmits":	13,
				"omitted":	false,
				"sender":	true
			}
		}, {
			"streams":	[{
					"socket":	7,
					"start":	6.000075,
					"end":	7.000066,
					"seconds":	0.999990999698639,
					"bytes":	15728640,
					"bits_per_second":	125830252.51019293,
					"retransmits":	18,
					"snd_cwnd":	748616,
					"rtt":	47454,
					"rttvar":	619,
					"pmtu":	1500,
					"omitted":	false,
					"sender":	true
				}],
			"sum":	{
				"start":	6.000075,
				"end":	7.000066,
				"seconds":	0.999990999698639,
				"bytes":	15728640,
				"bits_per_second":	125830252.51019293,
				"retransmits":	18,
				"omitted":	false,
				"sender":	true
			}
		}, {
			"streams":	[{
					"socket":	7,
					"start":	7.000066,
					"end":	8.000065,
					"seconds":	0.99999898672103882,
					"bytes":	14417920,
					"bits_per_second":	115343476.87511843,
					"retransmits":	38,
					"snd_cwnd":	848528,
					"rtt":	48116,
					"rttvar":	163,
					"pmtu":	1500,
					"omitted":	false,
					"sender":	true
				}],
			"sum":	{
				"start":	7.000066,
				"end":	8.000065,
				"seconds":	0.99999898672103882,
				"bytes":	14417920,
				"bits_per_second":	115343476.87511843,
				"retransmits":	38,
				"omitted":	false,
				"sender":	true
			}
		}, {
			"streams":	[{
					"socket":	7,
					"start":	8.000065,
					"end":	9.000062,
					"seconds":	0.99999701976776123,
					"bytes":	17039360,
					"bits_per_second":	136315286.25121072,
					"retransmits":	74,
					"snd_cwnd":	760200,
					"rtt":	46766,
					"rttvar":	70,
					"pmtu":	1500,
					"omitted":	false,
					"sender":	true
				}],
			"sum":	{
				"start":	8.000065,
				"end":	9.000062,
				"seconds":	0.99999701976776123,
				"bytes":	17039360,
				"bits_per_second":	136315286.25121072,
				"retransmits":	74,
				"omitted":	false,
				"sender":	true
			}
		}, {
			"streams":	[{
					"socket":	7,
					"start":	9.000062,
					"end":	10.000082,
					"seconds":	1.0000200271606445,
					"bytes":	15728640,
					"bits_per_second":	125826600.05046743,
					"retransmits":	0,
					"snd_cwnd":	760200,
					"rtt":	46700,
					"rttvar":	22,
					"pmtu":	1500,
					"omitted":	false,
					"sender":	true
				}],
			"sum":	{
				"start":	9.000062,
				"end":	10.000082,
				"seconds":	1.0000200271606445,
				"bytes":	15728640,
				"bits_per_second":	125826600.05046743,
				"retransmits":	0,
				"omitted":	false,
				"sender":	true
			}
		}],
	"end":	{
		"streams":	[{
				"sender":	{
					"socket":	7,
					"start":	0,
					"end":	10.000082,
					"seconds":	10.000082,
					"bytes":	142832888,
					"bits_per_second":	114265373.42393792,
					"retransmits":	598,
					"max_snd_cwnd":	848528,
					"max_rtt":	48116,
					"min_rtt":	46700,
					"mean_rtt":	46981,
					"sender":	true
				},
				"receiver":	{
					"socket":	7,
					"start":	0,
					"end":	10.034881,
					"seconds":	10.000082,
					"bytes":	138756048,
					"bits_per_second":	110618988.30688675,
					"sender":	true
				}
			}],
		"sum_sent":	{
			"start":	0,
			"end":	10.000082,
			"seconds":	10.000082,
			"bytes":	142832888,
			"bits_per_second":	114265373.42393792,
			"retransmits":	598,
			"sender":	true
		},
		"sum_received":	{
			"start":	0,
			"end":	10.034881,
			"seconds":	10.034881,
			"bytes":	138756048,
			"bits_per_second":	110618988.30688675,
			"sender":	true
		},
		"cpu_utilization_percent":	{
			"host_total":	1.2993140921796196,
			"host_user":	0.025922014001794419,
			"host_system":	1.2733823110286155,
			"remote_total":	0.63057113273204024,
			"remote_user":	0.021184740374330158,
			"remote_system":	0.60939026844230881
		},
		"sender_tcp_congestion":	"bbr",
		"receiver_tcp_congestion":	"cubic"
	}
}
