{
	"start":	{
		"connected":	[{
				"socket":	7,
				"local_host":	"172.16.0.1",
				"local_port":	50634,
				"remote_host":	"172.17.0.1",
				"remote_port":	5201
			}],
		"version":	"iperf 3.9",
		"system_info":	"Linux h1 6.4.0-bbrv3 #1 SMP PREEMPT_DYNAMIC Tue Oct  8 11:37:28 UTC 2024 x86_64",
		"timestamp":	{
			"time":	"Tue, 14 Jan 2025 17:43:16 GMT",
			"timesecs":	1736876596
		},
		"connecting_to":	{
			"host":	"172.17.0.1",
			"port":	5201
		},
		"cookie":	"yjby55rup5tialimkvdffqsfcyt2z5k2z26h",
		"tcp_mss_default":	1448,
		"sock_bufsize":	0,
		"sndbuf_actual":	1000000,
		"rcvbuf_actual":	1000000,
		"test_start":	{
			"protocol":	"TCP",
			"num_streams":	1,
			"blksize":	131072,
			"omit":	0,
			"duration":	10,
			"bytes":	0,
			"blocks":	0,
			"reverse":	0,
			"tos":	0
		}
	},
	"intervals":	[{
			"streams":	[{
					"socket":	7,
					"start":	0,
					"end":	1.000083,
					"seconds":	1.0000829696655273,
					"bytes":	124547968,
					"bits_per_second":	996301081.23252559,
					"retransmits":	5487,
					"snd_cwnd":	6990944,
					"rtt":	46840,
					"rttvar":	33,
					"pmtu":	1500,
					"omitted":	false,
					"sender":	true
				}],
			"sum":	{
				"start":	0,
				"end":	1.000083,
				"seconds":	1.0000829696655273,
				"bytes":	124547968,
				"bits_per_second":	996301081.23252559,
				"retransmits":	5487,
				"omitted":	false,
				"sender":	true
			}
		}, {
			"streams":	[{
					"socket":	7,
					"start":	1.000083,
					"end":	2.000102,
					"seconds":	1.0000189542770386,
					"bytes":	140247040,
					"bits_per_second":	1121955054.1530788,
					"retransmits":	15,
					"snd_cwnd":	6941712,
					"rtt":	46910,
					"rttvar":	98,
					"pmtu":	1500,
					"omitted":	false,
					"sender":	true
				}],
			"sum":	{
				"start":	1.000083,
				"end":	2.000102,
				"seconds":	1.0000189542770386,
				"bytes":	140247040,
				"bits_per_second":	1121955054.1530788,
				"retransmits":	15,
				"omitted":	false,
				"sender":	true
			}
		}, {
			"streams":	[{
					"socket":	7,
					"start":	2.000102,
					"end":	3.000071,
					"seconds":	0.9999690055847168,
					"bytes":	140247040,
					"bits_per_second":	1122011096.0778642,
					"retransmits":	270,
					"snd_cwnd":	8237672,
					"rtt":	46803,
					"rttvar":	50,
					"pmtu":	1500,
					"omitted":	false,
					"sender":	true
				}],
			"sum":	{
				"start":	2.000102,
				"end":	3.000071,
				"seconds":	0.9999690055847168,
				"bytes":	140247040,
				"bits_per_second":	1122011096.0778642,
				"retransmits":	270,
				"omitted":	false,
				"sender":	true
			}
		}, {
			"streams":	[{
					"socket":	7,
					"start":	3.000071,
					"end":	4.000071,
					"seconds":	1,
					"bytes":	167772160,
					"bits_per_second":	1342177280,
					"retransmits":	567,
					"snd_cwnd":	7764176,
					"rtt":	46944,
					"rttvar":	43,
					"pmtu":	1500,
					"omitted":	false,
					"sender":	true
				}],
			"sum":	{
				"start":	3.000071,
				"end":	4.000071,
				"seconds":	1,
				"bytes":	167772160,
				"bits_per_second":	1342177280,
				"retransmits":	567,
				"omitted":	false,
				"sender":	true
			}
		}, {
			"streams":	[{
					"socket":	7,
					"start":	4.000071,
					"end":	5.000074,
					"seconds":	1.0000029802322388,
					"bytes":	161218560,
					"bits_per_second":	1289744636.2614553,
					"retransmits":	0,
					"snd_cwnd":	7764176,
					"rtt":	46848,
					"rttvar":	29,
					"pmtu":	1500,
					"omitted":	false,
					"sender":	true
				}],
			"sum":	{
				"start":	4.000071,
				"end":	5.000074,
				"seconds":	1.0000029802322388,
				"bytes":	161218560,
				"bits_per_second":	1289744636.2614553,
				"retransmits":	0,
				"omitted":	false,
				"sender":	true
			}
		}, {
			"streams":	[{
					"socket":	7,
					"start":	5.000074,
					"end":	6.000074,
					"seconds":	1,
					"bytes":	140247040,
					"bits_per_second":	1121976320,
					"retransmits":	375,
					"snd_cwnd":	7890152,
					"rtt":	46882,
					"rttvar":	15,
					"pmtu":	1500,
					"omitted":	false,
					"sender":	true
				}],
			"sum":	{
				"start":	5.000074,
				"end":	6.000074,
				"seconds":	1,
				"bytes":	140247040,
				"bits_per_second":	1121976320,
				"retransmits":	375,
				"omitted":	false,
				"sender":	true
			}
		}, {
			"streams":	[{
					"socket":	7,
					"start":	6.000074,
					"end":	7.000074,
					"seconds":	1,
					"bytes":	165150720,
					"bits_per_second":	1321205760,
					"retransmits":	56,
					"snd_cwnd":	7890152,
					"rtt":	46880,
					"rttvar":	31,
					"pmtu":	1500,
					"omitted":	false,
					"sender":	true
				}],
			"sum":	{
				"start":	6.000074,
				"end":	7.000074,
				"seconds":	1,
				"bytes":	165150720,
				"bits_per_second":	1321205760,
				"retransmits":	56,
				"omitted":	false,
				"sender":	true
			}
		}, {
			"streams":	[{
					"socket":	7,
					"start":	7.000074,
					"end":	8.000073,
					"seconds":	0.99999898672103882,
					"bytes":	153354240,
					"bits_per_second":	1226835163.1262596,
					"retransmits":	904,
					"snd_cwnd":	7558560,
					"rtt":	46911,
					"rttvar":	47,
					"pmtu":	1500,
					"omitted":	false,
					"sender":	true
				}],
			"sum":	{
				"start":	7.000074,
				"end":	8.000073,
				"seconds":	0.99999898672103882,
				"bytes":	153354240,
				"bits_per_second":	1226835163.1262596,
				"retransmits":	904,
				"omitted":	false,
				"sender":	true
			}
		}, {
			"streams":	[{
					"socket":	7,
					"start":	8.000073,
					"end":	9.000075,
					"seconds":	1.0000020265579224,
					"bytes":	157286400,
					"bits_per_second":	1258288650.0051677,
					"retransmits":	958,
					"snd_cwnd":	7558560,
					"rtt":	46916,
					"rttvar":	30,
					"pmtu":	1500,
					"omitted":	false,
					"sender":	true
				}],
			"sum":	{
				"start":	8.000073,
				"end":	9.000075,
				"seconds":	1.0000020265579224,
				"bytes":	157286400,
				"bits_per_second":	1258288650.0051677,
				"retransmits":	958,
				"omitted":	false,
				"sender":	true
			}
		}, {
			"streams":	[{
					"socket":	7,
					"start":	9.000075,
					"end":	10.00008,
					"seconds":	1.0000050067901611,
					"bytes":	144179200,
					"bits_per_second":	1153427825.028914,
					"retransmits":	2249,
					"snd_cwnd":	7299368,
					"rtt":	46922,
					"rttvar":	59,
					"pmtu":	1500,
					"omitted":	false,
					"sender":	true
				}],
			"sum":	{
				"start":	9.000075,
				"end":	10.00008,
				"seconds":	1.0000050067901611,
				"bytes":	144179200,
				"bits_per_second":	1153427825.028914,
				"retransmits":	2249,
				"omitted":	false,
				"sender":	true
			}
		}],
	"end":	{
		"streams":	[{
				"sender":	{
					"socket":	7,
					"start":	0,
					"end":	10.00008,
					"seconds":	10.00008,
					"bytes":	1494250368,
					"bits_per_second":	1195390731.27415,
					"retransmits":	10881,
					"max_snd_cwnd":	8237672,
					"max_rtt":	46944,
					"min_rtt":	46803,
					"mean_rtt":	46885,
					"sender":	true
				},
				"receiver":	{
					"socket":	7,
					"start":	0,
					"end":	10.039154,
					"seconds":	10.00008,
					"bytes":	1450798984,
					"bits_per_second":	1156112544.1446559,
					"sender":	true
				}
			}],
		"sum_sent":	{
			"start":	0,
			"end":	10.00008,
			"seconds":	10.00008,
			"bytes":	1494250368,
			"bits_per_second":	1195390731.27415,
			"retransmits":	10881,
			"sender":	true
		},
		"sum_received":	{
			"start":	0,
			"end":	10.039154,
			"seconds":	10.039154,
			"bytes":	1450798984,
			"bits_per_second":	1156112544.1446559,
			"sender":	true
		},
		"cpu_utilization_percent":	{
			"host_total":	3.9629130756319562,
			"host_user":	0.12935281181734995,
			"host_system":	3.833570013781578,
			"remote_total":	0.954028529059369,
			"remote_user":	0.011794992983387485,
			"remote_system":	0.94223353607598126
		},
		"sender_tcp_congestion":	"bbr",
		"receiver_tcp_congestion":	"cubic"
	}
}
