{
	"start":	{
		"connected":	[{
				"socket":	7,
				"local_host":	"172.16.0.1",
				"local_port":	56758,
				"remote_host":	"172.17.0.1",
				"remote_port":	5201
			}],
		"version":	"iperf 3.9",
		"system_info":	"Linux h1 6.4.0-bbrv3 #1 SMP PREEMPT_DYNAMIC Tue Oct  8 11:37:28 UTC 2024 x86_64",
		"timestamp":	{
			"time":	"Fri, 25 Oct 2024 18:05:28 GMT",
			"timesecs":	1729879528
		},
		"connecting_to":	{
			"host":	"172.17.0.1",
			"port":	5201
		},
		"cookie":	"fdkeeuwwsaalspfxbsytdzeuevj3bjcqsh5a",
		"tcp_mss_default":	1448,
		"sock_bufsize":	0,
		"sndbuf_actual":	1000000,
		"rcvbuf_actual":	1000000,
		"test_start":	{
			"protocol":	"TCP",
			"num_streams":	1,
			"blksize":	131072,
			"omit":	0,
			"duration":	10,
			"bytes":	0,
			"blocks":	0,
			"reverse":	0,
			"tos":	0
		}
	},
	"intervals":	[{
			"streams":	[{
					"socket":	7,
					"start":	0,
					"end":	1.000077,
					"seconds":	1.00007700920105,
					"bytes":	327774728,
					"bits_per_second":	2621995906.1901083,
					"retransmits":	13681,
					"snd_cwnd":	148370768,
					"rtt":	55467,
					"rttvar":	260,
					"pmtu":	1500,
					"omitted":	false,
					"sender":	true
				}],
			"sum":	{
				"start":	0,
				"end":	1.000077,
				"seconds":	1.00007700920105,
				"bytes":	327774728,
				"bits_per_second":	2621995906.1901083,
				"retransmits":	13681,
				"omitted":	false,
				"sender":	true
			}
		}, {
			"streams":	[{
					"socket":	7,
					"start":	1.000077,
					"end":	2.000067,
					"seconds":	0.99998998641967773,
					"bytes":	924057600,
					"bits_per_second":	7392534825.7412624,
					"retransmits":	18812,
					"snd_cwnd":	57843256,
					"rtt":	55225,
					"rttvar":	455,
					"pmtu":	1500,
					"omitted":	false,
					"sender":	true
				}],
			"sum":	{
				"start":	1.000077,
				"end":	2.000067,
				"seconds":	0.99998998641967773,
				"bytes":	924057600,
				"bits_per_second":	7392534825.7412624,
				"retransmits":	18812,
				"omitted":	false,
				"sender":	true
			}
		}, {
			"streams":	[{
					"socket":	7,
					"start":	2.000067,
					"end":	3.000062,
					"seconds":	0.999994993209839,
					"bytes":	787742720,
					"bits_per_second":	6301973312.6579771,
					"retransmits":	1137,
					"snd_cwnd":	40183448,
					"rtt":	53880,
					"rttvar":	33,
					"pmtu":	1500,
					"omitted":	false,
					"sender":	true
				}],
			"sum":	{
				"start":	2.000067,
				"end":	3.000062,
				"seconds":	0.999994993209839,
				"bytes":	787742720,
				"bits_per_second":	6301973312.6579771,
				"retransmits":	1137,
				"omitted":	false,
				"sender":	true
			}
		}, {
			"streams":	[{
					"socket":	7,
					"start":	3.000062,
					"end":	4.000068,
					"seconds":	1.0000059604644775,
					"bytes":	707788800,
					"bits_per_second":	5662276650.2011642,
					"retransmits":	3659,
					"snd_cwnd":	53694736,
					"rtt":	53778,
					"rttvar":	49,
					"pmtu":	1500,
					"omitted":	false,
					"sender":	true
				}],
			"sum":	{
				"start":	3.000062,
				"end":	4.000068,
				"seconds":	1.0000059604644775,
				"bytes":	707788800,
				"bits_per_second":	5662276650.2011642,
				"retransmits":	3659,
				"omitted":	false,
				"sender":	true
			}
		}, {
			"streams":	[{
					"socket":	7,
					"start":	4.000068,
					"end":	5.000097,
					"seconds":	1.0000289678573608,
					"bytes":	848035840,
					"bits_per_second":	6784090199.44278,
					"retransmits":	1933,
					"snd_cwnd":	48741128,
					"rtt":	53937,
					"rttvar":	43,
					"pmtu":	1500,
					"omitted":	false,
					"sender":	true
				}],
			"sum":	{
				"start":	4.000068,
				"end":	5.000097,
				"seconds":	1.0000289678573608,
				"bytes":	848035840,
				"bits_per_second":	6784090199.44278,
				"retransmits":	1933,
				"omitted":	false,
				"sender":	true
			}
		}, {
			"streams":	[{
					"socket":	7,
					"start":	5.000097,
					"end":	6.000205,
					"seconds":	1.000108003616333,
					"bytes":	695992320,
					"bits_per_second":	5567337267.44177,
					"retransmits":	5847,
					"snd_cwnd":	17494736,
					"rtt":	53929,
					"rttvar":	46,
					"pmtu":	1500,
					"omitted":	false,
					"sender":	true
				}],
			"sum":	{
				"start":	5.000097,
				"end":	6.000205,
				"seconds":	1.000108003616333,
				"bytes":	695992320,
				"bits_per_second":	5567337267.44177,
				"retransmits":	5847,
				"omitted":	false,
				"sender":	true
			}
		}, {
			"streams":	[{
					"socket":	7,
					"start":	6.000205,
					"end":	7.000098,
					"seconds":	0.99989300966262817,
					"bytes":	697303040,
					"bits_per_second":	5579021221.3626785,
					"retransmits":	6456,
					"snd_cwnd":	45407832,
					"rtt":	58362,
					"rttvar":	5007,
					"pmtu":	1500,
					"omitted":	false,
					"sender":	true
				}],
			"sum":	{
				"start":	6.000205,
				"end":	7.000098,
				"seconds":	0.99989300966262817,
				"bytes":	697303040,
				"bits_per_second":	5579021221.3626785,
				"retransmits":	6456,
				"omitted":	false,
				"sender":	true
			}
		}, {
			"streams":	[{
					"socket":	7,
					"start":	7.000098,
					"end":	8.000068,
					"seconds":	0.999970018863678,
					"bytes":	745799680,
					"bits_per_second":	5966576324.7381678,
					"retransmits":	6316,
					"snd_cwnd":	41619864,
					"rtt":	53923,
					"rttvar":	42,
					"pmtu":	1500,
					"omitted":	false,
					"sender":	true
				}],
			"sum":	{
				"start":	7.000098,
				"end":	8.000068,
				"seconds":	0.999970018863678,
				"bytes":	745799680,
				"bits_per_second":	5966576324.7381678,
				"retransmits":	6316,
				"omitted":	false,
				"sender":	true
			}
		}, {
			"streams":	[{
					"socket":	7,
					"start":	8.000068,
					"end":	9.000075,
					"seconds":	1.0000070333480835,
					"bytes":	684195840,
					"bits_per_second":	5473528222.7707644,
					"retransmits":	13808,
					"snd_cwnd":	63056056,
					"rtt":	54977,
					"rttvar":	42,
					"pmtu":	1500,
					"omitted":	false,
					"sender":	true
				}],
			"sum":	{
				"start":	8.000068,
				"end":	9.000075,
				"seconds":	1.0000070333480835,
				"bytes":	684195840,
				"bits_per_second":	5473528222.7707644,
				"retransmits":	13808,
				"omitted":	false,
				"sender":	true
			}
		}, {
			"streams":	[{
					"socket":	7,
					"start":	9.000075,
					"end":	10.000093,
					"seconds":	1.0000180006027222,
					"bytes":	1060372480,
					"bits_per_second":	8482827143.99862,
					"retransmits":	4270,
					"snd_cwnd":	54979112,
					"rtt":	53908,
					"rttvar":	42,
					"pmtu":	1500,
					"omitted":	false,
					"sender":	true
				}],
			"sum":	{
				"start":	9.000075,
				"end":	10.000093,
				"seconds":	1.0000180006027222,
				"bytes":	1060372480,
				"bits_per_second":	8482827143.99862,
				"retransmits":	4270,
				"omitted":	false,
				"sender":	true
			}
		}],
	"end":	{
		"streams":	[{
				"sender":	{
					"socket":	7,
					"start":	0,
					"end":	10.000093,
					"seconds":	10.000093,
					"bytes":	7479063048,
					"bits_per_second":	5983194794.68841,
					"retransmits":	75919,
					"max_snd_cwnd":	148370768,
					"max_rtt":	58362,
					"min_rtt":	53778,
					"mean_rtt":	54738,
					"sender":	true
				},
				"receiver":	{
					"socket":	7,
					"start":	0,
					"end":	10.053894,
					"seconds":	10.000093,
					"bytes":	7401786488,
					"bits_per_second":	5889687309.61357,
					"sender":	true
				}
			}],
		"sum_sent":	{
			"start":	0,
			"end":	10.000093,
			"seconds":	10.000093,
			"bytes":	7479063048,
			"bits_per_second":	5983194794.68841,
			"retransmits":	75919,
			"sender":	true
		},
		"sum_received":	{
			"start":	0,
			"end":	10.053894,
			"seconds":	10.053894,
			"bytes":	7401786488,
			"bits_per_second":	5889687309.61357,
			"sender":	true
		},
		"cpu_utilization_percent":	{
			"host_total":	25.036985731048006,
			"host_user":	0.28529563709479472,
			"host_system":	24.751680395957525,
			"remote_total":	0.33071149937074862,
			"remote_user":	0.0077975751509498578,
			"remote_system":	0.3229139242197987
		},
		"sender_tcp_congestion":	"bbr",
		"receiver_tcp_congestion":	"cubic"
	}
}
