{
	"start":	{
		"connected":	[{
				"socket":	7,
				"local_host":	"172.16.0.2",
				"local_port":	40074,
				"remote_host":	"172.17.0.2",
				"remote_port":	5201
			}],
		"version":	"iperf 3.9",
		"system_info":	"Linux h1 6.4.0-bbrv3 #1 SMP PREEMPT_DYNAMIC Tue Oct  8 11:37:28 UTC 2024 x86_64",
		"timestamp":	{
			"time":	"Fri, 25 Oct 2024 18:05:40 GMT",
			"timesecs":	1729879540
		},
		"connecting_to":	{
			"host":	"172.17.0.2",
			"port":	5201
		},
		"cookie":	"asvewbk6uh5po2jj7m4ahruroh7t7jmizfz4",
		"tcp_mss_default":	1448,
		"sock_bufsize":	0,
		"sndbuf_actual":	1000000,
		"rcvbuf_actual":	1000000,
		"test_start":	{
			"protocol":	"TCP",
			"num_streams":	1,
			"blksize":	131072,
			"omit":	0,
			"duration":	10,
			"bytes":	0,
			"blocks":	0,
			"reverse":	0,
			"tos":	0
		}
	},
	"intervals":	[{
			"streams":	[{
					"socket":	7,
					"start":	0,
					"end":	1.000092,
					"seconds":	1.0000920295715332,
					"bytes":	267481608,
					"bits_per_second":	2139655952.3794742,
					"retransmits":	23354,
					"snd_cwnd":	48696240,
					"rtt":	55323,
					"rttvar":	127,
					"pmtu":	1500,
					"omitted":	false,
					"sender":	true
				}],
			"sum":	{
				"start":	0,
				"end":	1.000092,
				"seconds":	1.0000920295715332,
				"bytes":	267481608,
				"bits_per_second":	2139655952.3794742,
				"retransmits":	23354,
				"omitted":	false,
				"sender":	true
			}
		}, {
			"streams":	[{
					"socket":	7,
					"start":	1.000092,
					"end":	2.000037,
					"seconds":	0.99994498491287231,
					"bytes":	815267840,
					"bits_per_second":	6522501555.9913931,
					"retransmits":	7671,
					"snd_cwnd":	42020960,
					"rtt":	58076,
					"rttvar":	997,
					"pmtu":	1500,
					"omitted":	false,
					"sender":	true
				}],
			"sum":	{
				"start":	1.000092,
				"end":	2.000037,
				"seconds":	0.99994498491287231,
				"bytes":	815267840,
				"bits_per_second":	6522501555.9913931,
				"retransmits":	7671,
				"omitted":	false,
				"sender":	true
			}
		}, {
			"streams":	[{
					"socket":	7,
					"start":	2.000037,
					"end":	3.000045,
					"seconds":	1.0000079870224,
					"bytes":	637009920,
					"bits_per_second":	5096038657.82509,
					"retransmits":	4137,
					"snd_cwnd":	34162664,
					"rtt":	53850,
					"rttvar":	40,
					"pmtu":	1500,
					"omitted":	false,
					"sender":	true
				}],
			"sum":	{
				"start":	2.000037,
				"end":	3.000045,
				"seconds":	1.0000079870224,
				"bytes":	637009920,
				"bits_per_second":	5096038657.82509,
				"retransmits":	4137,
				"omitted":	false,
				"sender":	true
			}
		}, {
			"streams":	[{
					"socket":	7,
					"start":	3.000045,
					"end":	4.000055,
					"seconds":	1.0000100135803223,
					"bytes":	734003200,
					"bits_per_second":	5871966800.5887928,
					"retransmits":	4483,
					"snd_cwnd":	42271464,
					"rtt":	53876,
					"rttvar":	30,
					"pmtu":	1500,
					"omitted":	false,
					"sender":	true
				}],
			"sum":	{
				"start":	3.000045,
				"end":	4.000055,
				"seconds":	1.0000100135803223,
				"bytes":	734003200,
				"bits_per_second":	5871966800.5887928,
				"retransmits":	4483,
				"omitted":	false,
				"sender":	true
			}
		}, {
			"streams":	[{
					"socket":	7,
					"start":	4.000055,
					"end":	5.000094,
					"seconds":	1.0000389814376831,
					"bytes":	684195840,
					"bits_per_second":	5473353360.8170481,
					"retransmits":	1785,
					"snd_cwnd":	38159144,
					"rtt":	53922,
					"rttvar":	66,
					"pmtu":	1500,
					"omitted":	false,
					"sender":	true
				}],
			"sum":	{
				"start":	4.000055,
				"end":	5.000094,
				"seconds":	1.0000389814376831,
				"bytes":	684195840,
				"bits_per_second":	5473353360.8170481,
				"retransmits":	1785,
				"omitted":	false,
				"sender":	true
			}
		}, {
			"streams":	[{
					"socket":	7,
					"start":	5.000094,
					"end":	6.000192,
					"seconds":	1.0000979900360107,
					"bytes":	650117120,
					"bits_per_second":	5200427369.93475,
					"retransmits":	493,
					"snd_cwnd":	50792944,
					"rtt":	53927,
					"rttvar":	32,
					"pmtu":	1500,
					"omitted":	false,
					"sender":	true
				}],
			"sum":	{
				"start":	5.000094,
				"end":	6.000192,
				"seconds":	1.0000979900360107,
				"bytes":	650117120,
				"bits_per_second":	5200427369.93475,
				"retransmits":	493,
				"omitted":	false,
				"sender":	true
			}
		}, {
			"streams":	[{
					"socket":	7,
					"start":	6.000192,
					"end":	7.000036,
					"seconds":	0.9998440146446228,
					"bytes":	568852480,
					"bits_per_second":	4551529811.9952335,
					"retransmits":	8217,
					"snd_cwnd":	35064768,
					"rtt":	53868,
					"rttvar":	34,
					"pmtu":	1500,
					"omitted":	false,
					"sender":	true
				}],
			"sum":	{
				"start":	6.000192,
				"end":	7.000036,
				"seconds":	0.9998440146446228,
				"bytes":	568852480,
				"bits_per_second":	4551529811.9952335,
				"retransmits":	8217,
				"omitted":	false,
				"sender":	true
			}
		}, {
			"streams":	[{
					"socket":	7,
					"start":	7.000036,
					"end":	8.000059,
					"seconds":	1.0000230073928833,
					"bytes":	558366720,
					"bits_per_second":	4466830989.8644733,
					"retransmits":	231,
					"snd_cwnd":	32236824,
					"rtt":	53883,
					"rttvar":	34,
					"pmtu":	1500,
					"omitted":	false,
					"sender":	true
				}],
			"sum":	{
				"start":	7.000036,
				"end":	8.000059,
				"seconds":	1.0000230073928833,
				"bytes":	558366720,
				"bits_per_second":	4466830989.8644733,
				"retransmits":	231,
				"omitted":	false,
				"sender":	true
			}
		}, {
			"streams":	[{
					"socket":	7,
					"start":	8.000059,
					"end":	9.000068,
					"seconds":	1.0000089406967163,
					"bytes":	525598720,
					"bits_per_second":	4204752166.5861115,
					"retransmits":	450,
					"snd_cwnd":	30366008,
					"rtt":	53897,
					"rttvar":	43,
					"pmtu":	1500,
					"omitted":	false,
					"sender":	true
				}],
			"sum":	{
				"start":	8.000059,
				"end":	9.000068,
				"seconds":	1.0000089406967163,
				"bytes":	525598720,
				"bits_per_second":	4204752166.5861115,
				"retransmits":	450,
				"omitted":	false,
				"sender":	true
			}
		}, {
			"streams":	[{
					"socket":	7,
					"start":	9.000068,
					"end":	10.000056,
					"seconds":	0.9999880194664,
					"bytes":	694681600,
					"bits_per_second":	5557519382.0476885,
					"retransmits":	6701,
					"snd_cwnd":	38787576,
					"rtt":	53915,
					"rttvar":	44,
					"pmtu":	1500,
					"omitted":	false,
					"sender":	true
				}],
			"sum":	{
				"start":	9.000068,
				"end":	10.000056,
				"seconds":	0.9999880194664,
				"bytes":	694681600,
				"bits_per_second":	5557519382.0476885,
				"retransmits":	6701,
				"omitted":	false,
				"sender":	true
			}
		}],
	"end":	{
		"streams":	[{
				"sender":	{
					"socket":	7,
					"start":	0,
					"end":	10.000056,
					"seconds":	10.000056,
					"bytes":	6135575048,
					"bits_per_second":	4908432551.1777134,
					"retransmits":	57522,
					"max_snd_cwnd":	50792944,
					"max_rtt":	58076,
					"min_rtt":	53850,
					"mean_rtt":	54453,
					"sender":	true
				},
				"receiver":	{
					"socket":	7,
					"start":	0,
					"end":	10.053891,
					"seconds":	10.000056,
					"bytes":	6042657488,
					"bits_per_second":	4808214044.0949678,
					"sender":	true
				}
			}],
		"sum_sent":	{
			"start":	0,
			"end":	10.000056,
			"seconds":	10.000056,
			"bytes":	6135575048,
			"bits_per_second":	4908432551.1777134,
			"retransmits":	57522,
			"sender":	true
		},
		"sum_received":	{
			"start":	0,
			"end":	10.053891,
			"seconds":	10.053891,
			"bytes":	6042657488,
			"bits_per_second":	4808214044.0949678,
			"sender":	true
		},
		"cpu_utilization_percent":	{
			"host_total":	16.903766477593926,
			"host_user":	0.18023122238257644,
			"host_system":	16.723525557018153,
			"remote_total":	0.28649930086232867,
			"remote_user":	0.0039454475818314029,
			"remote_system":	0.28255375235842273
		},
		"sender_tcp_congestion":	"bbr",
		"receiver_tcp_congestion":	"cubic"
	}
}
