{
	"start":	{
		"connected":	[{
				"socket":	7,
				"local_host":	"172.16.0.2",
				"local_port":	37818,
				"remote_host":	"172.17.0.2",
				"remote_port":	5201
			}],
		"version":	"iperf 3.9",
		"system_info":	"Linux h1 6.4.0-bbrv3 #1 SMP PREEMPT_DYNAMIC Tue Oct  8 11:37:28 UTC 2024 x86_64",
		"timestamp":	{
			"time":	"Tue, 14 Jan 2025 17:43:16 GMT",
			"timesecs":	1736876596
		},
		"connecting_to":	{
			"host":	"172.17.0.2",
			"port":	5201
		},
		"cookie":	"y3mnjtva7miaszdqcnnn346pr2b6owuq2w2n",
		"tcp_mss_default":	1448,
		"sock_bufsize":	0,
		"sndbuf_actual":	1000000,
		"rcvbuf_actual":	1000000,
		"test_start":	{
			"protocol":	"TCP",
			"num_streams":	1,
			"blksize":	131072,
			"omit":	0,
			"duration":	10,
			"bytes":	0,
			"blocks":	0,
			"reverse":	0,
			"tos":	0
		}
	},
	"intervals":	[{
			"streams":	[{
					"socket":	7,
					"start":	0,
					"end":	1.000069,
					"seconds":	1.00006902217865,
					"bytes":	41975504,
					"bits_per_second":	335780855.67379248,
					"retransmits":	1335,
					"snd_cwnd":	2610744,
					"rtt":	51007,
					"rttvar":	37,
					"pmtu":	1500,
					"omitted":	false,
					"sender":	true
				}],
			"sum":	{
				"start":	0,
				"end":	1.000069,
				"seconds":	1.00006902217865,
				"bytes":	41975504,
				"bits_per_second":	335780855.67379248,
				"retransmits":	1335,
				"omitted":	false,
				"sender":	true
			}
		}, {
			"streams":	[{
					"socket":	7,
					"start":	1.000069,
					"end":	2.000076,
					"seconds":	1.0000070333480835,
					"bytes":	49807360,
					"bits_per_second":	398456077.51971084,
					"retransmits":	20,
					"snd_cwnd":	2606400,
					"rtt":	51105,
					"rttvar":	43,
					"pmtu":	1500,
					"omitted":	false,
					"sender":	true
				}],
			"sum":	{
				"start":	1.000069,
				"end":	2.000076,
				"seconds":	1.0000070333480835,
				"bytes":	49807360,
				"bits_per_second":	398456077.51971084,
				"retransmits":	20,
				"omitted":	false,
				"sender":	true
			}
		}, {
			"streams":	[{
					"socket":	7,
					"start":	2.000076,
					"end":	3.000063,
					"seconds":	0.999987006187439,
					"bytes":	49807360,
					"bits_per_second":	398464057.56727636,
					"retransmits":	115,
					"snd_cwnd":	2589024,
					"rtt":	51074,
					"rttvar":	23,
					"pmtu":	1500,
					"omitted":	false,
					"sender":	true
				}],
			"sum":	{
				"start":	2.000076,
				"end":	3.000063,
				"seconds":	0.999987006187439,
				"bytes":	49807360,
				"bits_per_second":	398464057.56727636,
				"retransmits":	115,
				"omitted":	false,
				"sender":	true
			}
		}, {
			"streams":	[{
					"socket":	7,
					"start":	3.000063,
					"end":	4.000051,
					"seconds":	0.9999880194664,
					"bytes":	44564480,
					"bits_per_second":	356520111.30117249,
					"retransmits":	290,
					"snd_cwnd":	2189376,
					"rtt":	51143,
					"rttvar":	55,
					"pmtu":	1500,
					"omitted":	false,
					"sender":	true
				}],
			"sum":	{
				"start":	3.000063,
				"end":	4.000051,
				"seconds":	0.9999880194664,
				"bytes":	44564480,
				"bits_per_second":	356520111.30117249,
				"retransmits":	290,
				"omitted":	false,
				"sender":	true
			}
		}, {
			"streams":	[{
					"socket":	7,
					"start":	4.000051,
					"end":	5.00006,
					"seconds":	1.0000089406967163,
					"bytes":	40632320,
					"bits_per_second":	325055653.77598369,
					"retransmits":	14,
					"snd_cwnd":	2189376,
					"rtt":	52095,
					"rttvar":	317,
					"pmtu":	1500,
					"omitted":	false,
					"sender":	true
				}],
			"sum":	{
				"start":	4.000051,
				"end":	5.00006,
				"seconds":	1.0000089406967163,
				"bytes":	40632320,
				"bits_per_second":	325055653.77598369,
				"retransmits":	14,
				"omitted":	false,
				"sender":	true
			}
		}, {
			"streams":	[{
					"socket":	7,
					"start":	5.00006,
					"end":	6.000065,
					"seconds":	1.0000050067901611,
					"bytes":	44564480,
					"bits_per_second":	356514055.008937,
					"retransmits":	75,
					"snd_cwnd":	2654184,
					"rtt":	51033,
					"rttvar":	27,
					"pmtu":	1500,
					"omitted":	false,
					"sender":	true
				}],
			"sum":	{
				"start":	5.00006,
				"end":	6.000065,
				"seconds":	1.0000050067901611,
				"bytes":	44564480,
				"bits_per_second":	356514055.008937,
				"retransmits":	75,
				"omitted":	false,
				"sender":	true
			}
		}, {
			"streams":	[{
					"socket":	7,
					"start":	6.000065,
					"end":	7.00007,
					"seconds":	1.0000050067901611,
					"bytes":	217579520,
					"bits_per_second":	1740627445.0436339,
					"retransmits":	25,
					"snd_cwnd":	28980272,
					"rtt":	51160,
					"rttvar":	69,
					"pmtu":	1500,
					"omitted":	false,
					"sender":	true
				}],
			"sum":	{
				"start":	6.000065,
				"end":	7.00007,
				"seconds":	1.0000050067901611,
				"bytes":	217579520,
				"bits_per_second":	1740627445.0436339,
				"retransmits":	25,
				"omitted":	false,
				"sender":	true
			}
		}, {
			"streams":	[{
					"socket":	7,
					"start":	7.00007,
					"end":	8.000116,
					"seconds":	1.0000460147857666,
					"bytes":	395837440,
					"bits_per_second":	3166553811.7047358,
					"retransmits":	2395,
					"snd_cwnd":	19875248,
					"rtt":	51109,
					"rttvar":	48,
					"pmtu":	1500,
					"omitted":	false,
					"sender":	true
				}],
			"sum":	{
				"start":	7.00007,
				"end":	8.000116,
				"seconds":	1.0000460147857666,
				"bytes":	395837440,
				"bits_per_second":	3166553811.7047358,
				"retransmits":	2395,
				"omitted":	false,
				"sender":	true
			}
		}, {
			"streams":	[{
					"socket":	7,
					"start":	8.000116,
					"end":	9.000063,
					"seconds":	0.99994701147079468,
					"bytes":	302776320,
					"bits_per_second":	2422338916.176405,
					"retransmits":	3043,
					"snd_cwnd":	19272880,
					"rtt":	59998,
					"rttvar":	6815,
					"pmtu":	1500,
					"omitted":	false,
					"sender":	true
				}],
			"sum":	{
				"start":	8.000116,
				"end":	9.000063,
				"seconds":	0.99994701147079468,
				"bytes":	302776320,
				"bits_per_second":	2422338916.176405,
				"retransmits":	3043,
				"omitted":	false,
				"sender":	true
			}
		}, {
			"streams":	[{
					"socket":	7,
					"start":	9.000063,
					"end":	10.000076,
					"seconds":	1.000012993812561,
					"bytes":	334233600,
					"bits_per_second":	2673834056.701448,
					"retransmits":	4026,
					"snd_cwnd":	18049320,
					"rtt":	51177,
					"rttvar":	60,
					"pmtu":	1500,
					"omitted":	false,
					"sender":	true
				}],
			"sum":	{
				"start":	9.000063,
				"end":	10.000076,
				"seconds":	1.000012993812561,
				"bytes":	334233600,
				"bits_per_second":	2673834056.701448,
				"retransmits":	4026,
				"omitted":	false,
				"sender":	true
			}
		}],
	"end":	{
		"streams":	[{
				"sender":	{
					"socket":	7,
					"start":	0,
					"end":	10.000076,
					"seconds":	10.000076,
					"bytes":	1521778384,
					"bits_per_second":	1217413454.857743,
					"retransmits":	11338,
					"max_snd_cwnd":	28980272,
					"max_rtt":	59998,
					"min_rtt":	51007,
					"mean_rtt":	52090,
					"sender":	true
				},
				"receiver":	{
					"socket":	7,
					"start":	0,
					"end":	10.03494,
					"seconds":	10.000076,
					"bytes":	1433076912,
					"bits_per_second":	1142469740.3272963,
					"sender":	true
				}
			}],
		"sum_sent":	{
			"start":	0,
			"end":	10.000076,
			"seconds":	10.000076,
			"bytes":	1521778384,
			"bits_per_second":	1217413454.857743,
			"retransmits":	11338,
			"sender":	true
		},
		"sum_received":	{
			"start":	0,
			"end":	10.03494,
			"seconds":	10.03494,
			"bytes":	1433076912,
			"bits_per_second":	1142469740.3272963,
			"sender":	true
		},
		"cpu_utilization_percent":	{
			"host_total":	4.803205488652516,
			"host_user":	0.074045655467566349,
			"host_system":	4.7291695953016886,
			"remote_total":	0.87082491472243972,
			"remote_user":	0.010450429879031707,
			"remote_system":	0.860375168995937
		},
		"sender_tcp_congestion":	"bbr",
		"receiver_tcp_congestion":	"cubic"
	}
}
