{
	"start":	{
		"connected":	[{
				"socket":	7,
				"local_host":	"172.16.0.3",
				"local_port":	46110,
				"remote_host":	"172.17.0.3",
				"remote_port":	5201
			}],
		"version":	"iperf 3.9",
		"system_info":	"Linux h1 6.4.0-bbrv3 #1 SMP PREEMPT_DYNAMIC Tue Oct  8 11:37:28 UTC 2024 x86_64",
		"timestamp":	{
			"time":	"Tue, 14 Jan 2025 17:43:16 GMT",
			"timesecs":	1736876596
		},
		"connecting_to":	{
			"host":	"172.17.0.3",
			"port":	5201
		},
		"cookie":	"ylbfj3mcnoldodqztyoptafwsdzdztcvvbfm",
		"tcp_mss_default":	1448,
		"sock_bufsize":	0,
		"sndbuf_actual":	1000000,
		"rcvbuf_actual":	1000000,
		"test_start":	{
			"protocol":	"TCP",
			"num_streams":	1,
			"blksize":	131072,
			"omit":	0,
			"duration":	10,
			"bytes":	0,
			"blocks":	0,
			"reverse":	0,
			"tos":	0
		}
	},
	"intervals":	[{
			"streams":	[{
					"socket":	7,
					"start":	0,
					"end":	1.000058,
					"seconds":	1.0000580549240112,
					"bytes":	116748808,
					"bits_per_second":	933936244.4023,
					"retransmits":	5401,
					"snd_cwnd":	4756680,
					"rtt":	38872,
					"rttvar":	57,
					"pmtu":	1500,
					"omitted":	false,
					"sender":	true
				}],
			"sum":	{
				"start":	0,
				"end":	1.000058,
				"seconds":	1.0000580549240112,
				"bytes":	116748808,
				"bits_per_second":	933936244.4023,
				"retransmits":	5401,
				"omitted":	false,
				"sender":	true
			}
		}, {
			"streams":	[{
					"socket":	7,
					"start":	1.000058,
					"end":	2.000104,
					"seconds":	1.0000460147857666,
					"bytes":	111411200,
					"bits_per_second":	891248589.38709462,
					"retransmits":	1913,
					"snd_cwnd":	4691520,
					"rtt":	40789,
					"rttvar":	2616,
					"pmtu":	1500,
					"omitted":	false,
					"sender":	true
				}],
			"sum":	{
				"start":	1.000058,
				"end":	2.000104,
				"seconds":	1.0000460147857666,
				"bytes":	111411200,
				"bits_per_second":	891248589.38709462,
				"retransmits":	1913,
				"omitted":	false,
				"sender":	true
			}
		}, {
			"streams":	[{
					"socket":	7,
					"start":	2.000104,
					"end":	3.000073,
					"seconds":	0.9999690055847168,
					"bytes":	100925440,
					"bits_per_second":	807428545.77565932,
					"retransmits":	2417,
					"snd_cwnd":	3095824,
					"rtt":	42371,
					"rttvar":	4428,
					"pmtu":	1500,
					"omitted":	false,
					"sender":	true
				}],
			"sum":	{
				"start":	2.000104,
				"end":	3.000073,
				"seconds":	0.9999690055847168,
				"bytes":	100925440,
				"bits_per_second":	807428545.77565932,
				"retransmits":	2417,
				"omitted":	false,
				"sender":	true
			}
		}, {
			"streams":	[{
					"socket":	7,
					"start":	3.000073,
					"end":	4.000075,
					"seconds":	1.0000020265579224,
					"bytes":	76021760,
					"bits_per_second":	608172847.50249767,
					"retransmits":	427,
					"snd_cwnd":	3095824,
					"rtt":	38964,
					"rttvar":	79,
					"pmtu":	1500,
					"omitted":	false,
					"sender":	true
				}],
			"sum":	{
				"start":	3.000073,
				"end":	4.000075,
				"seconds":	1.0000020265579224,
				"bytes":	76021760,
				"bits_per_second":	608172847.50249767,
				"retransmits":	427,
				"omitted":	false,
				"sender":	true
			}
		}, {
			"streams":	[{
					"socket":	7,
					"start":	4.000075,
					"end":	5.000072,
					"seconds":	0.99999701976776123,
					"bytes":	77332480,
					"bits_per_second":	618661683.755495,
					"retransmits":	63,
					"snd_cwnd":	3095824,
					"rtt":	39902,
					"rttvar":	264,
					"pmtu":	1500,
					"omitted":	false,
					"sender":	true
				}],
			"sum":	{
				"start":	4.000075,
				"end":	5.000072,
				"seconds":	0.99999701976776123,
				"bytes":	77332480,
				"bits_per_second":	618661683.755495,
				"retransmits":	63,
				"omitted":	false,
				"sender":	true
			}
		}, {
			"streams":	[{
					"socket":	7,
					"start":	5.000072,
					"end":	6.000041,
					"seconds":	0.9999690055847168,
					"bytes":	76021760,
					"bits_per_second":	608192930.584263,
					"retransmits":	96,
					"snd_cwnd":	3172568,
					"rtt":	39092,
					"rttvar":	224,
					"pmtu":	1500,
					"omitted":	false,
					"sender":	true
				}],
			"sum":	{
				"start":	5.000072,
				"end":	6.000041,
				"seconds":	0.9999690055847168,
				"bytes":	76021760,
				"bits_per_second":	608192930.584263,
				"retransmits":	96,
				"omitted":	false,
				"sender":	true
			}
		}, {
			"streams":	[{
					"socket":	7,
					"start":	6.000041,
					"end":	7.000069,
					"seconds":	1.0000280141830444,
					"bytes":	77332480,
					"bits_per_second":	618642509.23550725,
					"retransmits":	28,
					"snd_cwnd":	3171120,
					"rtt":	39668,
					"rttvar":	436,
					"pmtu":	1500,
					"omitted":	false,
					"sender":	true
				}],
			"sum":	{
				"start":	6.000041,
				"end":	7.000069,
				"seconds":	1.0000280141830444,
				"bytes":	77332480,
				"bits_per_second":	618642509.23550725,
				"retransmits":	28,
				"omitted":	false,
				"sender":	true
			}
		}, {
			"streams":	[{
					"socket":	7,
					"start":	7.000069,
					"end":	8.000074,
					"seconds":	1.0000050067901611,
					"bytes":	83886080,
					"bits_per_second":	671085280.0168227,
					"retransmits":	145,
					"snd_cwnd":	3769144,
					"rtt":	39191,
					"rttvar":	182,
					"pmtu":	1500,
					"omitted":	false,
					"sender":	true
				}],
			"sum":	{
				"start":	7.000069,
				"end":	8.000074,
				"seconds":	1.0000050067901611,
				"bytes":	83886080,
				"bits_per_second":	671085280.0168227,
				"retransmits":	145,
				"omitted":	false,
				"sender":	true
			}
		}, {
			"streams":	[{
					"socket":	7,
					"start":	8.000074,
					"end":	9.000072,
					"seconds":	0.99999797344207764,
					"bytes":	78643200,
					"bits_per_second":	629146875.002584,
					"retransmits":	521,
					"snd_cwnd":	3127680,
					"rtt":	39556,
					"rttvar":	538,
					"pmtu":	1500,
					"omitted":	false,
					"sender":	true
				}],
			"sum":	{
				"start":	8.000074,
				"end":	9.000072,
				"seconds":	0.99999797344207764,
				"bytes":	78643200,
				"bits_per_second":	629146875.002584,
				"retransmits":	521,
				"omitted":	false,
				"sender":	true
			}
		}, {
			"streams":	[{
					"socket":	7,
					"start":	9.000072,
					"end":	10.00007,
					"seconds":	0.99999797344207764,
					"bytes":	76021760,
					"bits_per_second":	608175312.50249779,
					"retransmits":	10,
					"snd_cwnd":	3113200,
					"rtt":	38887,
					"rttvar":	66,
					"pmtu":	1500,
					"omitted":	false,
					"sender":	true
				}],
			"sum":	{
				"start":	9.000072,
				"end":	10.00007,
				"seconds":	0.99999797344207764,
				"bytes":	76021760,
				"bits_per_second":	608175312.50249779,
				"retransmits":	10,
				"omitted":	false,
				"sender":	true
			}
		}],
	"end":	{
		"streams":	[{
				"sender":	{
					"socket":	7,
					"start":	0,
					"end":	10.00007,
					"seconds":	10.00007,
					"bytes":	874344968,
					"bits_per_second":	699471078.10245335,
					"retransmits":	11021,
					"max_snd_cwnd":	4756680,
					"max_rtt":	42371,
					"min_rtt":	38872,
					"mean_rtt":	39729,
					"sender":	true
				},
				"receiver":	{
					"socket":	7,
					"start":	0,
					"end":	10.061109,
					"seconds":	10.00007,
					"bytes":	840093400,
					"bits_per_second":	667992683.51033664,
					"sender":	true
				}
			}],
		"sum_sent":	{
			"start":	0,
			"end":	10.00007,
			"seconds":	10.00007,
			"bytes":	874344968,
			"bits_per_second":	699471078.10245335,
			"retransmits":	11021,
			"sender":	true
		},
		"sum_received":	{
			"start":	0,
			"end":	10.061109,
			"seconds":	10.061109,
			"bytes":	840093400,
			"bits_per_second":	667992683.51033664,
			"sender":	true
		},
		"cpu_utilization_percent":	{
			"host_total":	2.2811242993526912,
			"host_user":	0.11930075522742845,
			"host_system":	2.1618235441252631,
			"remote_total":	0.48931304380608825,
			"remote_user":	0.0036307155826804257,
			"remote_system":	0.48568307313838166
		},
		"sender_tcp_congestion":	"bbr",
		"receiver_tcp_congestion":	"cubic"
	}
}
