{
	"start":	{
		"connected":	[{
				"socket":	7,
				"local_host":	"172.16.0.3",
				"local_port":	58854,
				"remote_host":	"172.17.0.3",
				"remote_port":	5201
			}],
		"version":	"iperf 3.9",
		"system_info":	"Linux h1 6.4.0-bbrv3 #1 SMP PREEMPT_DYNAMIC Tue Oct  8 11:37:28 UTC 2024 x86_64",
		"timestamp":	{
			"time":	"Fri, 25 Oct 2024 18:05:52 GMT",
			"timesecs":	1729879552
		},
		"connecting_to":	{
			"host":	"172.17.0.3",
			"port":	5201
		},
		"cookie":	"ymyrdfqaiphizyqxtxg3gxor2lziefrmwvjh",
		"tcp_mss_default":	1448,
		"sock_bufsize":	0,
		"sndbuf_actual":	1000000,
		"rcvbuf_actual":	1000000,
		"test_start":	{
			"protocol":	"TCP",
			"num_streams":	1,
			"blksize":	131072,
			"omit":	0,
			"duration":	10,
			"bytes":	0,
			"blocks":	0,
			"reverse":	0,
			"tos":	0
		}
	},
	"intervals":	[{
			"streams":	[{
					"socket":	7,
					"start":	0,
					"end":	1.00006,
					"seconds":	1.000059962272644,
					"bytes":	346124808,
					"bits_per_second":	2768832438.5144162,
					"retransmits":	4883,
					"snd_cwnd":	72262440,
					"rtt":	53686,
					"rttvar":	215,
					"pmtu":	1500,
					"omitted":	false,
					"sender":	true
				}],
			"sum":	{
				"start":	0,
				"end":	1.00006,
				"seconds":	1.000059962272644,
				"bytes":	346124808,
				"bits_per_second":	2768832438.5144162,
				"retransmits":	4883,
				"omitted":	false,
				"sender":	true
			}
		}, {
			"streams":	[{
					"socket":	7,
					"start":	1.00006,
					"end":	2.000074,
					"seconds":	1.0000139474868774,
					"bytes":	1093140480,
					"bits_per_second":	8745001869.2011852,
					"retransmits":	99,
					"snd_cwnd":	65788432,
					"rtt":	53945,
					"rttvar":	23,
					"pmtu":	1500,
					"omitted":	false,
					"sender":	true
				}],
			"sum":	{
				"start":	1.00006,
				"end":	2.000074,
				"seconds":	1.0000139474868774,
				"bytes":	1093140480,
				"bits_per_second":	8745001869.2011852,
				"retransmits":	99,
				"omitted":	false,
				"sender":	true
			}
		}, {
			"streams":	[{
					"socket":	7,
					"start":	2.000074,
					"end":	3.000051,
					"seconds":	0.9999769926071167,
					"bytes":	854589440,
					"bits_per_second":	6836872818.61903,
					"retransmits":	15066,
					"snd_cwnd":	52739056,
					"rtt":	53912,
					"rttvar":	42,
					"pmtu":	1500,
					"omitted":	false,
					"sender":	true
				}],
			"sum":	{
				"start":	2.000074,
				"end":	3.000051,
				"seconds":	0.9999769926071167,
				"bytes":	854589440,
				"bits_per_second":	6836872818.61903,
				"retransmits":	15066,
				"omitted":	false,
				"sender":	true
			}
		}, {
			"streams":	[{
					"socket":	7,
					"start":	3.000051,
					"end":	4.000374,
					"seconds":	1.0003230571746826,
					"bytes":	1043333120,
					"bits_per_second":	8343969380.8261919,
					"retransmits":	6421,
					"snd_cwnd":	64088480,
					"rtt":	53781,
					"rttvar":	300,
					"pmtu":	1500,
					"omitted":	false,
					"sender":	true
				}],
			"sum":	{
				"start":	3.000051,
				"end":	4.000374,
				"seconds":	1.0003230571746826,
				"bytes":	1043333120,
				"bits_per_second":	8343969380.8261919,
				"retransmits":	6421,
				"omitted":	false,
				"sender":	true
			}
		}, {
			"streams":	[{
					"socket":	7,
					"start":	4.000374,
					"end":	5.00005,
					"seconds":	0.999675989151001,
					"bytes":	880803840,
					"bits_per_second":	7048714579.9954157,
					"retransmits":	4049,
					"snd_cwnd":	52588464,
					"rtt":	53915,
					"rttvar":	25,
					"pmtu":	1500,
					"omitted":	false,
					"sender":	true
				}],
			"sum":	{
				"start":	4.000374,
				"end":	5.00005,
				"seconds":	0.999675989151001,
				"bytes":	880803840,
				"bits_per_second":	7048714579.9954157,
				"retransmits":	4049,
				"omitted":	false,
				"sender":	true
			}
		}, {
			"streams":	[{
					"socket":	7,
					"start":	5.00005,
					"end":	6.000061,
					"seconds":	1.0000109672546387,
					"bytes":	766771200,
					"bits_per_second":	6134102325.7378139,
					"retransmits":	4890,
					"snd_cwnd":	21744616,
					"rtt":	53881,
					"rttvar":	52,
					"pmtu":	1500,
					"omitted":	false,
					"sender":	true
				}],
			"sum":	{
				"start":	5.00005,
				"end":	6.000061,
				"seconds":	1.0000109672546387,
				"bytes":	766771200,
				"bits_per_second":	6134102325.7378139,
				"retransmits":	4890,
				"omitted":	false,
				"sender":	true
			}
		}, {
			"streams":	[{
					"socket":	7,
					"start":	6.000061,
					"end":	7.000575,
					"seconds":	1.000514030456543,
					"bytes":	840171520,
					"bits_per_second":	6717918945.0576534,
					"retransmits":	1217,
					"snd_cwnd":	65288872,
					"rtt":	53938,
					"rttvar":	37,
					"pmtu":	1500,
					"omitted":	false,
					"sender":	true
				}],
			"sum":	{
				"start":	6.000061,
				"end":	7.000575,
				"seconds":	1.000514030456543,
				"bytes":	840171520,
				"bits_per_second":	6717918945.0576534,
				"retransmits":	1217,
				"omitted":	false,
				"sender":	true
			}
		}, {
			"streams":	[{
					"socket":	7,
					"start":	7.000575,
					"end":	8.000031,
					"seconds":	0.999455988407135,
					"bytes":	917504000,
					"bits_per_second":	7344027235.9546757,
					"retransmits":	6736,
					"snd_cwnd":	56298240,
					"rtt":	53991,
					"rttvar":	60,
					"pmtu":	1500,
					"omitted":	false,
					"sender":	true
				}],
			"sum":	{
				"start":	7.000575,
				"end":	8.000031,
				"seconds":	0.999455988407135,
				"bytes":	917504000,
				"bits_per_second":	7344027235.9546757,
				"retransmits":	6736,
				"omitted":	false,
				"sender":	true
			}
		}, {
			"streams":	[{
					"socket":	7,
					"start":	8.000031,
					"end":	9.000089,
					"seconds":	1.0000580549240112,
					"bytes":	772014080,
					"bits_per_second":	6175754107.0646019,
					"retransmits":	2552,
					"snd_cwnd":	45846576,
					"rtt":	53908,
					"rttvar":	41,
					"pmtu":	1500,
					"omitted":	false,
					"sender":	true
				}],
			"sum":	{
				"start":	8.000031,
				"end":	9.000089,
				"seconds":	1.0000580549240112,
				"bytes":	772014080,
				"bits_per_second":	6175754107.0646019,
				"retransmits":	2552,
				"omitted":	false,
				"sender":	true
			}
		}, {
			"streams":	[{
					"socket":	7,
					"start":	9.000089,
					"end":	10.00069,
					"seconds":	1.000601053237915,
					"bytes":	1099694080,
					"bits_per_second":	8792268018.83866,
					"retransmits":	0,
					"snd_cwnd":	72262440,
					"rtt":	53955,
					"rttvar":	81,
					"pmtu":	1500,
					"omitted":	false,
					"sender":	true
				}],
			"sum":	{
				"start":	9.000089,
				"end":	10.00069,
				"seconds":	1.000601053237915,
				"bytes":	1099694080,
				"bits_per_second":	8792268018.83866,
				"retransmits":	0,
				"omitted":	false,
				"sender":	true
			}
		}],
	"end":	{
		"streams":	[{
				"sender":	{
					"socket":	7,
					"start":	0,
					"end":	10.00069,
					"seconds":	10.00069,
					"bytes":	8614146568,
					"bits_per_second":	6890841786.3167439,
					"retransmits":	45913,
					"max_snd_cwnd":	72262440,
					"max_rtt":	53991,
					"min_rtt":	53686,
					"mean_rtt":	53891,
					"sender":	true
				},
				"receiver":	{
					"socket":	7,
					"start":	0,
					"end":	10.054506,
					"seconds":	10.00069,
					"bytes":	8544678408,
					"bits_per_second":	6798685809.5265942,
					"sender":	true
				}
			}],
		"sum_sent":	{
			"start":	0,
			"end":	10.00069,
			"seconds":	10.00069,
			"bytes":	8614146568,
			"bits_per_second":	6890841786.3167439,
			"retransmits":	45913,
			"sender":	true
		},
		"sum_received":	{
			"start":	0,
			"end":	10.054506,
			"seconds":	10.054506,
			"bytes":	8544678408,
			"bits_per_second":	6798685809.5265942,
			"sender":	true
		},
		"cpu_utilization_percent":	{
			"host_total":	31.099429219007,
			"host_user":	0.42400375116787681,
			"host_system":	30.675464251626106,
			"remote_total":	0.36957123875044312,
			"remote_user":	0.00686374374920588,
			"remote_system":	0.36270739405640673
		},
		"sender_tcp_congestion":	"bbr",
		"receiver_tcp_congestion":	"cubic"
	}
}
