{
	"start":	{
		"connected":	[{
				"socket":	7,
				"local_host":	"172.16.0.4",
				"local_port":	51030,
				"remote_host":	"172.17.0.4",
				"remote_port":	5201
			}],
		"version":	"iperf 3.9",
		"system_info":	"Linux h1 6.4.0-bbrv3 #1 SMP PREEMPT_DYNAMIC Tue Oct  8 11:37:28 UTC 2024 x86_64",
		"timestamp":	{
			"time":	"Tue, 14 Jan 2025 17:43:16 GMT",
			"timesecs":	1736876596
		},
		"connecting_to":	{
			"host":	"172.17.0.4",
			"port":	5201
		},
		"cookie":	"oztj7cclduu6ds4xjwsb4sy5ub4eptbvfna3",
		"tcp_mss_default":	1448,
		"sock_bufsize":	0,
		"sndbuf_actual":	1000000,
		"rcvbuf_actual":	1000000,
		"test_start":	{
			"protocol":	"TCP",
			"num_streams":	1,
			"blksize":	131072,
			"omit":	0,
			"duration":	10,
			"bytes":	0,
			"blocks":	0,
			"reverse":	0,
			"tos":	0
		}
	},
	"intervals":	[{
			"streams":	[{
					"socket":	7,
					"start":	0,
					"end":	1.00006,
					"seconds":	1.000059962272644,
					"bytes":	21001088,
					"bits_per_second":	167998630.4203189,
					"retransmits":	775,
					"snd_cwnd":	861560,
					"rtt":	46788,
					"rttvar":	95,
					"pmtu":	1500,
					"omitted":	false,
					"sender":	true
				}],
			"sum":	{
				"start":	0,
				"end":	1.00006,
				"seconds":	1.000059962272644,
				"bytes":	21001088,
				"bits_per_second":	167998630.4203189,
				"retransmits":	775,
				"omitted":	false,
				"sender":	true
			}
		}, {
			"streams":	[{
					"socket":	7,
					"start":	1.00006,
					"end":	2.000089,
					"seconds":	1.0000289678573608,
					"bytes":	17039360,
					"bits_per_second":	136310931.36438352,
					"retransmits":	0,
					"snd_cwnd":	861560,
					"rtt":	46862,
					"rttvar":	186,
					"pmtu":	1500,
					"omitted":	false,
					"sender":	true
				}],
			"sum":	{
				"start":	1.00006,
				"end":	2.000089,
				"seconds":	1.0000289678573608,
				"bytes":	17039360,
				"bits_per_second":	136310931.36438352,
				"retransmits":	0,
				"omitted":	false,
				"sender":	true
			}
		}, {
			"streams":	[{
					"socket":	7,
					"start":	2.000089,
					"end":	3.000085,
					"seconds":	0.9999960064888,
					"bytes":	18350080,
					"bits_per_second":	146801226.25234121,
					"retransmits":	35,
					"snd_cwnd":	858664,
					"rtt":	46801,
					"rttvar":	46,
					"pmtu":	1500,
					"omitted":	false,
					"sender":	true
				}],
			"sum":	{
				"start":	2.000089,
				"end":	3.000085,
				"seconds":	0.9999960064888,
				"bytes":	18350080,
				"bits_per_second":	146801226.25234121,
				"retransmits":	35,
				"omitted":	false,
				"sender":	true
			}
		}, {
			"streams":	[{
					"socket":	7,
					"start":	3.000085,
					"end":	4.000084,
					"seconds":	0.99999898672103882,
					"bytes":	18350080,
					"bits_per_second":	146800788.75015074,
					"retransmits":	60,
					"snd_cwnd":	836944,
					"rtt":	46764,
					"rttvar":	25,
					"pmtu":	1500,
					"omitted":	false,
					"sender":	true
				}],
			"sum":	{
				"start":	3.000085,
				"end":	4.000084,
				"seconds":	0.99999898672103882,
				"bytes":	18350080,
				"bits_per_second":	146800788.75015074,
				"retransmits":	60,
				"omitted":	false,
				"sender":	true
			}
		}, {
			"streams":	[{
					"socket":	7,
					"start":	4.000084,
					"end":	5.000071,
					"seconds":	0.999987006187439,
					"bytes":	17039360,
					"bits_per_second":	136316651.27301559,
					"retransmits":	10,
					"snd_cwnd":	831152,
					"rtt":	46756,
					"rttvar":	57,
					"pmtu":	1500,
					"omitted":	false,
					"sender":	true
				}],
			"sum":	{
				"start":	4.000084,
				"end":	5.000071,
				"seconds":	0.999987006187439,
				"bytes":	17039360,
				"bits_per_second":	136316651.27301559,
				"retransmits":	10,
				"omitted":	false,
				"sender":	true
			}
		}, {
			"streams":	[{
					"socket":	7,
					"start":	5.000071,
					"end":	6.000106,
					"seconds":	1.0000350475311279,
					"bytes":	15728640,
					"bits_per_second":	125824710.15455419,
					"retransmits":	40,
					"snd_cwnd":	836944,
					"rtt":	46767,
					"rttvar":	40,
					"pmtu":	1500,
					"omitted":	false,
					"sender":	true
				}],
			"sum":	{
				"start":	5.000071,
				"end":	6.000106,
				"seconds":	1.0000350475311279,
				"bytes":	15728640,
				"bits_per_second":	125824710.15455419,
				"retransmits":	40,
				"omitted":	false,
				"sender":	true
			}
		}, {
			"streams":	[{
					"socket":	7,
					"start":	6.000106,
					"end":	7.000062,
					"seconds":	0.99995601177215576,
					"bytes":	17039360,
					"bits_per_second":	136320876.513776,
					"retransmits":	0,
					"snd_cwnd":	836944,
					"rtt":	46813,
					"rttvar":	70,
					"pmtu":	1500,
					"omitted":	false,
					"sender":	true
				}],
			"sum":	{
				"start":	6.000106,
				"end":	7.000062,
				"seconds":	0.99995601177215576,
				"bytes":	17039360,
				"bits_per_second":	136320876.513776,
				"retransmits":	0,
				"omitted":	false,
				"sender":	true
			}
		}, {
			"streams":	[{
					"socket":	7,
					"start":	7.000062,
					"end":	8.000091,
					"seconds":	1.0000289678573608,
					"bytes":	17039360,
					"bits_per_second":	136310931.36438352,
					"retransmits":	32,
					"snd_cwnd":	831152,
					"rtt":	46810,
					"rttvar":	44,
					"pmtu":	1500,
					"omitted":	false,
					"sender":	true
				}],
			"sum":	{
				"start":	7.000062,
				"end":	8.000091,
				"seconds":	1.0000289678573608,
				"bytes":	17039360,
				"bits_per_second":	136310931.36438352,
				"retransmits":	32,
				"omitted":	false,
				"sender":	true
			}
		}, {
			"streams":	[{
					"socket":	7,
					"start":	8.000091,
					"end":	9.00007,
					"seconds":	0.999979019165039,
					"bytes":	18350080,
					"bits_per_second":	146803720.06462231,
					"retransmits":	117,
					"snd_cwnd":	941200,
					"rtt":	46777,
					"rttvar":	40,
					"pmtu":	1500,
					"omitted":	false,
					"sender":	true
				}],
			"sum":	{
				"start":	8.000091,
				"end":	9.00007,
				"seconds":	0.999979019165039,
				"bytes":	18350080,
				"bits_per_second":	146803720.06462231,
				"retransmits":	117,
				"omitted":	false,
				"sender":	true
			}
		}, {
			"streams":	[{
					"socket":	7,
					"start":	9.00007,
					"end":	10.000048,
					"seconds":	0.999978005886078,
					"bytes":	17039360,
					"bits_per_second":	136317878.19094256,
					"retransmits":	7,
					"snd_cwnd":	818120,
					"rtt":	46805,
					"rttvar":	114,
					"pmtu":	1500,
					"omitted":	false,
					"sender":	true
				}],
			"sum":	{
				"start":	9.00007,
				"end":	10.000048,
				"seconds":	0.999978005886078,
				"bytes":	17039360,
				"bits_per_second":	136317878.19094256,
				"retransmits":	7,
				"omitted":	false,
				"sender":	true
			}
		}],
	"end":	{
		"streams":	[{
				"sender":	{
					"socket":	7,
					"start":	0,
					"end":	10.000048,
					"seconds":	10.000048,
					"bytes":	176976768,
					"bits_per_second":	141580734.81247291,
					"retransmits":	1076,
					"max_snd_cwnd":	941200,
					"max_rtt":	46862,
					"min_rtt":	46756,
					"mean_rtt":	46794,
					"sender":	true
				},
				"receiver":	{
					"socket":	7,
					"start":	0,
					"end":	10.051279,
					"seconds":	10.000048,
					"bytes":	169531840,
					"bits_per_second":	134933546.26809186,
					"sender":	true
				}
			}],
		"sum_sent":	{
			"start":	0,
			"end":	10.000048,
			"seconds":	10.000048,
			"bytes":	176976768,
			"bits_per_second":	141580734.81247291,
			"retransmits":	1076,
			"sender":	true
		},
		"sum_received":	{
			"start":	0,
			"end":	10.051279,
			"seconds":	10.051279,
			"bytes":	169531840,
			"bits_per_second":	134933546.26809186,
			"sender":	true
		},
		"cpu_utilization_percent":	{
			"host_total":	1.4877008453938518,
			"host_user":	0.18742817843512286,
			"host_system":	1.300272666958729,
			"remote_total":	0.28727312298196772,
			"remote_user":	0.00077670140658087561,
			"remote_system":	0.286495603133441
		},
		"sender_tcp_congestion":	"bbr",
		"receiver_tcp_congestion":	"cubic"
	}
}
