{
	"start":	{
		"connected":	[{
				"socket":	7,
				"local_host":	"172.16.0.4",
				"local_port":	38330,
				"remote_host":	"172.17.0.4",
				"remote_port":	5201
			}],
		"version":	"iperf 3.9",
		"system_info":	"Linux h1 6.4.0-bbrv3 #1 SMP PREEMPT_DYNAMIC Tue Oct  8 11:37:28 UTC 2024 x86_64",
		"timestamp":	{
			"time":	"Fri, 25 Oct 2024 18:06:03 GMT",
			"timesecs":	1729879563
		},
		"connecting_to":	{
			"host":	"172.17.0.4",
			"port":	5201
		},
		"cookie":	"uh546bxzxns3tvckoud2b47ftcxneac3avxi",
		"tcp_mss_default":	1448,
		"sock_bufsize":	0,
		"sndbuf_actual":	1000000,
		"rcvbuf_actual":	1000000,
		"test_start":	{
			"protocol":	"TCP",
			"num_streams":	1,
			"blksize":	131072,
			"omit":	0,
			"duration":	10,
			"bytes":	0,
			"blocks":	0,
			"reverse":	0,
			"tos":	0
		}
	},
	"intervals":	[{
			"streams":	[{
					"socket":	7,
					"start":	0,
					"end":	1.000069,
					"seconds":	1.00006902217865,
					"bytes":	420835848,
					"bits_per_second":	3366454423.9813313,
					"retransmits":	4868,
					"snd_cwnd":	185849352,
					"rtt":	55260,
					"rttvar":	99,
					"pmtu":	1500,
					"omitted":	false,
					"sender":	true
				}],
			"sum":	{
				"start":	0,
				"end":	1.000069,
				"seconds":	1.00006902217865,
				"bytes":	420835848,
				"bits_per_second":	3366454423.9813313,
				"retransmits":	4868,
				"omitted":	false,
				"sender":	true
			}
		}, {
			"streams":	[{
					"socket":	7,
					"start":	1.000069,
					"end":	2.000014,
					"seconds":	0.99994498491287231,
					"bytes":	1053818880,
					"bits_per_second":	8431014873.0178137,
					"retransmits":	5178,
					"snd_cwnd":	65032576,
					"rtt":	53975,
					"rttvar":	35,
					"pmtu":	1500,
					"omitted":	false,
					"sender":	true
				}],
			"sum":	{
				"start":	1.000069,
				"end":	2.000014,
				"seconds":	0.99994498491287231,
				"bytes":	1053818880,
				"bits_per_second":	8431014873.0178137,
				"retransmits":	5178,
				"omitted":	false,
				"sender":	true
			}
		}, {
			"streams":	[{
					"socket":	7,
					"start":	2.000014,
					"end":	3.00021,
					"seconds":	1.0001959800720215,
					"bytes":	865075200,
					"bits_per_second":	6919245565.75569,
					"retransmits":	4115,
					"snd_cwnd":	59039304,
					"rtt":	53986,
					"rttvar":	87,
					"pmtu":	1500,
					"omitted":	false,
					"sender":	true
				}],
			"sum":	{
				"start":	2.000014,
				"end":	3.00021,
				"seconds":	1.0001959800720215,
				"bytes":	865075200,
				"bits_per_second":	6919245565.75569,
				"retransmits":	4115,
				"omitted":	false,
				"sender":	true
			}
		}, {
			"streams":	[{
					"socket":	7,
					"start":	3.00021,
					"end":	4.00009,
					"seconds":	0.999880015850067,
					"bytes":	917504000,
					"bits_per_second":	7340912793.18122,
					"retransmits":	810,
					"snd_cwnd":	94072216,
					"rtt":	54009,
					"rttvar":	33,
					"pmtu":	1500,
					"omitted":	false,
					"sender":	true
				}],
			"sum":	{
				"start":	3.00021,
				"end":	4.00009,
				"seconds":	0.999880015850067,
				"bytes":	917504000,
				"bits_per_second":	7340912793.18122,
				"retransmits":	810,
				"omitted":	false,
				"sender":	true
			}
		}, {
			"streams":	[{
					"socket":	7,
					"start":	4.00009,
					"end":	5.000097,
					"seconds":	1.0000070333480835,
					"bytes":	927989760,
					"bits_per_second":	7423865865.3672438,
					"retransmits":	1218,
					"snd_cwnd":	54121896,
					"rtt":	53964,
					"rttvar":	68,
					"pmtu":	1500,
					"omitted":	false,
					"sender":	true
				}],
			"sum":	{
				"start":	4.00009,
				"end":	5.000097,
				"seconds":	1.0000070333480835,
				"bytes":	927989760,
				"bits_per_second":	7423865865.3672438,
				"retransmits":	1218,
				"omitted":	false,
				"sender":	true
			}
		}, {
			"streams":	[{
					"socket":	7,
					"start":	5.000097,
					"end":	6.000084,
					"seconds":	0.999987006187439,
					"bytes":	838860800,
					"bits_per_second":	6710973601.1330748,
					"retransmits":	905,
					"snd_cwnd":	49557800,
					"rtt":	53972,
					"rttvar":	26,
					"pmtu":	1500,
					"omitted":	false,
					"sender":	true
				}],
			"sum":	{
				"start":	5.000097,
				"end":	6.000084,
				"seconds":	0.999987006187439,
				"bytes":	838860800,
				"bits_per_second":	6710973601.1330748,
				"retransmits":	905,
				"omitted":	false,
				"sender":	true
			}
		}, {
			"streams":	[{
					"socket":	7,
					"start":	6.000084,
					"end":	7.000369,
					"seconds":	1.0002850294113159,
					"bytes":	904396800,
					"bits_per_second":	7233112750.13085,
					"retransmits":	105,
					"snd_cwnd":	65536480,
					"rtt":	54011,
					"rttvar":	35,
					"pmtu":	1500,
					"omitted":	false,
					"sender":	true
				}],
			"sum":	{
				"start":	6.000084,
				"end":	7.000369,
				"seconds":	1.0002850294113159,
				"bytes":	904396800,
				"bits_per_second":	7233112750.13085,
				"retransmits":	105,
				"omitted":	false,
				"sender":	true
			}
		}, {
			"streams":	[{
					"socket":	7,
					"start":	7.000369,
					"end":	8.000079,
					"seconds":	0.99971002340316772,
					"bytes":	886046720,
					"bits_per_second":	7090429818.7089071,
					"retransmits":	5281,
					"snd_cwnd":	52269904,
					"rtt":	53917,
					"rttvar":	23,
					"pmtu":	1500,
					"omitted":	false,
					"sender":	true
				}],
			"sum":	{
				"start":	7.000369,
				"end":	8.000079,
				"seconds":	0.99971002340316772,
				"bytes":	886046720,
				"bits_per_second":	7090429818.7089071,
				"retransmits":	5281,
				"omitted":	false,
				"sender":	true
			}
		}, {
			"streams":	[{
					"socket":	7,
					"start":	8.000079,
					"end":	9.000033,
					"seconds":	0.9999539852142334,
					"bytes":	800849920,
					"bits_per_second":	6407094181.0661278,
					"retransmits":	2769,
					"snd_cwnd":	45929112,
					"rtt":	53879,
					"rttvar":	70,
					"pmtu":	1500,
					"omitted":	false,
					"sender":	true
				}],
			"sum":	{
				"start":	8.000079,
				"end":	9.000033,
				"seconds":	0.9999539852142334,
				"bytes":	800849920,
				"bits_per_second":	6407094181.0661278,
				"retransmits":	2769,
				"omitted":	false,
				"sender":	true
			}
		}, {
			"streams":	[{
					"socket":	7,
					"start":	9.000033,
					"end":	10.000565,
					"seconds":	1.0005320310592651,
					"bytes":	787742720,
					"bits_per_second":	6298590714.1104946,
					"retransmits":	1056,
					"snd_cwnd":	45845128,
					"rtt":	53954,
					"rttvar":	75,
					"pmtu":	1500,
					"omitted":	false,
					"sender":	true
				}],
			"sum":	{
				"start":	9.000033,
				"end":	10.000565,
				"seconds":	1.0005320310592651,
				"bytes":	787742720,
				"bits_per_second":	6298590714.1104946,
				"retransmits":	1056,
				"omitted":	false,
				"sender":	true
			}
		}],
	"end":	{
		"streams":	[{
				"sender":	{
					"socket":	7,
					"start":	0,
					"end":	10.000565,
					"seconds":	10.000565,
					"bytes":	8403120648,
					"bits_per_second":	6722116718.8053875,
					"retransmits":	26305,
					"max_snd_cwnd":	185849352,
					"max_rtt":	55260,
					"min_rtt":	53879,
					"mean_rtt":	54092,
					"sender":	true
				},
				"receiver":	{
					"socket":	7,
					"start":	0,
					"end":	10.0544,
					"seconds":	10.000565,
					"bytes":	8348840752,
					"bits_per_second":	6642935035.0095482,
					"sender":	true
				}
			}],
		"sum_sent":	{
			"start":	0,
			"end":	10.000565,
			"seconds":	10.000565,
			"bytes":	8403120648,
			"bits_per_second":	6722116718.8053875,
			"retransmits":	26305,
			"sender":	true
		},
		"sum_received":	{
			"start":	0,
			"end":	10.0544,
			"seconds":	10.0544,
			"bytes":	8348840752,
			"bits_per_second":	6642935035.0095482,
			"sender":	true
		},
		"cpu_utilization_percent":	{
			"host_total":	31.887702323416921,
			"host_user":	0.57016544589923945,
			"host_system":	31.317556267602559,
			"remote_total":	0.37325684160788269,
			"remote_user":	0.00912104224648206,
			"remote_system":	0.36413569839008064
		},
		"sender_tcp_congestion":	"bbr",
		"receiver_tcp_congestion":	"cubic"
	}
}
