{
	"start":	{
		"connected":	[{
				"socket":	7,
				"local_host":	"172.16.0.5",
				"local_port":	52782,
				"remote_host":	"172.17.0.5",
				"remote_port":	5201
			}],
		"version":	"iperf 3.9",
		"system_info":	"Linux h1 6.4.0-bbrv3 #1 SMP PREEMPT_DYNAMIC Tue Oct  8 11:37:28 UTC 2024 x86_64",
		"timestamp":	{
			"time":	"Tue, 14 Jan 2025 17:43:16 GMT",
			"timesecs":	1736876596
		},
		"connecting_to":	{
			"host":	"172.17.0.5",
			"port":	5201
		},
		"cookie":	"gpqlsdtvg2hev4xr7jw2c6zracnltw2fwpzh",
		"tcp_mss_default":	1448,
		"sock_bufsize":	0,
		"sndbuf_actual":	1000000,
		"rcvbuf_actual":	1000000,
		"test_start":	{
			"protocol":	"TCP",
			"num_streams":	1,
			"blksize":	131072,
			"omit":	0,
			"duration":	10,
			"bytes":	0,
			"blocks":	0,
			"reverse":	0,
			"tos":	0
		}
	},
	"intervals":	[{
			"streams":	[{
					"socket":	7,
					"start":	0,
					"end":	1.00006,
					"seconds":	1.000059962272644,
					"bytes":	31554904,
					"bits_per_second":	252424096.07752907,
					"retransmits":	1153,
					"snd_cwnd":	1717328,
					"rtt":	46762,
					"rttvar":	23,
					"pmtu":	1500,
					"omitted":	false,
					"sender":	true
				}],
			"sum":	{
				"start":	0,
				"end":	1.00006,
				"seconds":	1.000059962272644,
				"bytes":	31554904,
				"bits_per_second":	252424096.07752907,
				"retransmits":	1153,
				"omitted":	false,
				"sender":	true
			}
		}, {
			"streams":	[{
					"socket":	7,
					"start":	1.00006,
					"end":	2.000066,
					"seconds":	1.0000059604644775,
					"bytes":	35389440,
					"bits_per_second":	283113832.51005822,
					"retransmits":	360,
					"snd_cwnd":	1694160,
					"rtt":	46850,
					"rttvar":	58,
					"pmtu":	1500,
					"omitted":	false,
					"sender":	true
				}],
			"sum":	{
				"start":	1.00006,
				"end":	2.000066,
				"seconds":	1.0000059604644775,
				"bytes":	35389440,
				"bits_per_second":	283113832.51005822,
				"retransmits":	360,
				"omitted":	false,
				"sender":	true
			}
		}, {
			"streams":	[{
					"socket":	7,
					"start":	2.000066,
					"end":	3.000076,
					"seconds":	1.0000100135803223,
					"bytes":	34078720,
					"bits_per_second":	272627030.02733678,
					"retransmits":	63,
					"snd_cwnd":	2011272,
					"rtt":	47818,
					"rttvar":	34,
					"pmtu":	1500,
					"omitted":	false,
					"sender":	true
				}],
			"sum":	{
				"start":	2.000066,
				"end":	3.000076,
				"seconds":	1.0000100135803223,
				"bytes":	34078720,
				"bits_per_second":	272627030.02733678,
				"retransmits":	63,
				"omitted":	false,
				"sender":	true
			}
		}, {
			"streams":	[{
					"socket":	7,
					"start":	3.000076,
					"end":	4.000063,
					"seconds":	0.999987006187439,
					"bytes":	36700160,
					"bits_per_second":	293605095.049572,
					"retransmits":	478,
					"snd_cwnd":	1730360,
					"rtt":	46860,
					"rttvar":	37,
					"pmtu":	1500,
					"omitted":	false,
					"sender":	true
				}],
			"sum":	{
				"start":	3.000076,
				"end":	4.000063,
				"seconds":	0.999987006187439,
				"bytes":	36700160,
				"bits_per_second":	293605095.049572,
				"retransmits":	478,
				"omitted":	false,
				"sender":	true
			}
		}, {
			"streams":	[{
					"socket":	7,
					"start":	4.000063,
					"end":	5.00005,
					"seconds":	0.999987006187439,
					"bytes":	36700160,
					"bits_per_second":	293605095.049572,
					"retransmits":	4,
					"snd_cwnd":	1728912,
					"rtt":	46954,
					"rttvar":	154,
					"pmtu":	1500,
					"omitted":	false,
					"sender":	true
				}],
			"sum":	{
				"start":	4.000063,
				"end":	5.00005,
				"seconds":	0.999987006187439,
				"bytes":	36700160,
				"bits_per_second":	293605095.049572,
				"retransmits":	4,
				"omitted":	false,
				"sender":	true
			}
		}, {
			"streams":	[{
					"socket":	7,
					"start":	5.00005,
					"end":	6.000109,
					"seconds":	1.0000590085983276,
					"bytes":	35389440,
					"bits_per_second":	283098814.73575425,
					"retransmits":	54,
					"snd_cwnd":	2032992,
					"rtt":	46842,
					"rttvar":	77,
					"pmtu":	1500,
					"omitted":	false,
					"sender":	true
				}],
			"sum":	{
				"start":	5.00005,
				"end":	6.000109,
				"seconds":	1.0000590085983276,
				"bytes":	35389440,
				"bits_per_second":	283098814.73575425,
				"retransmits":	54,
				"omitted":	false,
				"sender":	true
			}
		}, {
			"streams":	[{
					"socket":	7,
					"start":	6.000109,
					"end":	7.000066,
					"seconds":	0.999957025051117,
					"bytes":	34078720,
					"bits_per_second":	272641476.75352687,
					"retransmits":	73,
					"snd_cwnd":	1740496,
					"rtt":	48059,
					"rttvar":	776,
					"pmtu":	1500,
					"omitted":	false,
					"sender":	true
				}],
			"sum":	{
				"start":	6.000109,
				"end":	7.000066,
				"seconds":	0.999957025051117,
				"bytes":	34078720,
				"bits_per_second":	272641476.75352687,
				"retransmits":	73,
				"omitted":	false,
				"sender":	true
			}
		}, {
			"streams":	[{
					"socket":	7,
					"start":	7.000066,
					"end":	8.000077,
					"seconds":	1.0000109672546387,
					"bytes":	35389440,
					"bits_per_second":	283112415.034053,
					"retransmits":	133,
					"snd_cwnd":	1740496,
					"rtt":	46827,
					"rttvar":	29,
					"pmtu":	1500,
					"omitted":	false,
					"sender":	true
				}],
			"sum":	{
				"start":	7.000066,
				"end":	8.000077,
				"seconds":	1.0000109672546387,
				"bytes":	35389440,
				"bits_per_second":	283112415.034053,
				"retransmits":	133,
				"omitted":	false,
				"sender":	true
			}
		}, {
			"streams":	[{
					"socket":	7,
					"start":	8.000077,
					"end":	9.000165,
					"seconds":	1.0000879764556885,
					"bytes":	32768000,
					"bits_per_second":	262120939.52877852,
					"retransmits":	757,
					"snd_cwnd":	1689816,
					"rtt":	47875,
					"rttvar":	1289,
					"pmtu":	1500,
					"omitted":	false,
					"sender":	true
				}],
			"sum":	{
				"start":	8.000077,
				"end":	9.000165,
				"seconds":	1.0000879764556885,
				"bytes":	32768000,
				"bits_per_second":	262120939.52877852,
				"retransmits":	757,
				"omitted":	false,
				"sender":	true
			}
		}, {
			"streams":	[{
					"socket":	7,
					"start":	9.000165,
					"end":	10.000094,
					"seconds":	0.99992901086807251,
					"bytes":	138936320,
					"bits_per_second":	1111569469.3517063,
					"retransmits":	5,
					"snd_cwnd":	20193808,
					"rtt":	46866,
					"rttvar":	59,
					"pmtu":	1500,
					"omitted":	false,
					"sender":	true
				}],
			"sum":	{
				"start":	9.000165,
				"end":	10.000094,
				"seconds":	0.99992901086807251,
				"bytes":	138936320,
				"bits_per_second":	1111569469.3517063,
				"retransmits":	5,
				"omitted":	false,
				"sender":	true
			}
		}],
	"end":	{
		"streams":	[{
				"sender":	{
					"socket":	7,
					"start":	0,
					"end":	10.000094,
					"seconds":	10.000094,
					"bytes":	450985304,
					"bits_per_second":	360784851.82239282,
					"retransmits":	3080,
					"max_snd_cwnd":	20193808,
					"max_rtt":	48059,
					"min_rtt":	46762,
					"mean_rtt":	47171,
					"sender":	true
				},
				"receiver":	{
					"socket":	7,
					"start":	0,
					"end":	10.046978,
					"seconds":	10.000094,
					"bytes":	398897936,
					"bits_per_second":	317626204.41689038,
					"sender":	true
				}
			}],
		"sum_sent":	{
			"start":	0,
			"end":	10.000094,
			"seconds":	10.000094,
			"bytes":	450985304,
			"bits_per_second":	360784851.82239282,
			"retransmits":	3080,
			"sender":	true
		},
		"sum_received":	{
			"start":	0,
			"end":	10.046978,
			"seconds":	10.046978,
			"bytes":	398897936,
			"bits_per_second":	317626204.41689038,
			"sender":	true
		},
		"cpu_utilization_percent":	{
			"host_total":	1.9936193668829,
			"host_user":	0.19574619916883784,
			"host_system":	1.7979023661327931,
			"remote_total":	0.514208664836927,
			"remote_user":	0.01673260092011606,
			"remote_system":	0.497476063916811
		},
		"sender_tcp_congestion":	"bbr",
		"receiver_tcp_congestion":	"cubic"
	}
}
