{
	"start":	{
		"connected":	[{
				"socket":	7,
				"local_host":	"172.16.0.5",
				"local_port":	57050,
				"remote_host":	"172.17.0.5",
				"remote_port":	5201
			}],
		"version":	"iperf 3.9",
		"system_info":	"Linux h1 6.4.0-bbrv3 #1 SMP PREEMPT_DYNAMIC Tue Oct  8 11:37:28 UTC 2024 x86_64",
		"timestamp":	{
			"time":	"Fri, 25 Oct 2024 18:06:15 GMT",
			"timesecs":	1729879575
		},
		"connecting_to":	{
			"host":	"172.17.0.5",
			"port":	5201
		},
		"cookie":	"gm2askzfefqju6tfdpvblavmdo36a2peswcv",
		"tcp_mss_default":	1448,
		"sock_bufsize":	0,
		"sndbuf_actual":	1000000,
		"rcvbuf_actual":	1000000,
		"test_start":	{
			"protocol":	"TCP",
			"num_streams":	1,
			"blksize":	131072,
			"omit":	0,
			"duration":	10,
			"bytes":	0,
			"blocks":	0,
			"reverse":	0,
			"tos":	0
		}
	},
	"intervals":	[{
			"streams":	[{
					"socket":	7,
					"start":	0,
					"end":	1.000067,
					"seconds":	1.0000669956207275,
					"bytes":	423457288,
					"bits_per_second":	3387431360.9333024,
					"retransmits":	144,
					"snd_cwnd":	188642544,
					"rtt":	54846,
					"rttvar":	52,
					"pmtu":	1500,
					"omitted":	false,
					"sender":	true
				}],
			"sum":	{
				"start":	0,
				"end":	1.000067,
				"seconds":	1.0000669956207275,
				"bytes":	423457288,
				"bits_per_second":	3387431360.9333024,
				"retransmits":	144,
				"omitted":	false,
				"sender":	true
			}
		}, {
			"streams":	[{
					"socket":	7,
					"start":	1.000067,
					"end":	2.000057,
					"seconds":	0.99998998641967773,
					"bytes":	914882560,
					"bits_per_second":	7319133770.7339029,
					"retransmits":	20666,
					"snd_cwnd":	57825880,
					"rtt":	53863,
					"rttvar":	23,
					"pmtu":	1500,
					"omitted":	false,
					"sender":	true
				}],
			"sum":	{
				"start":	1.000067,
				"end":	2.000057,
				"seconds":	0.99998998641967773,
				"bytes":	914882560,
				"bits_per_second":	7319133770.7339029,
				"retransmits":	20666,
				"omitted":	false,
				"sender":	true
			}
		}, {
			"streams":	[{
					"socket":	7,
					"start":	2.000057,
					"end":	3.000425,
					"seconds":	1.0003679990768433,
					"bytes":	876871680,
					"bits_per_second":	7012392885.89153,
					"retransmits":	916,
					"snd_cwnd":	52128000,
					"rtt":	53893,
					"rttvar":	40,
					"pmtu":	1500,
					"omitted":	false,
					"sender":	true
				}],
			"sum":	{
				"start":	2.000057,
				"end":	3.000425,
				"seconds":	1.0003679990768433,
				"bytes":	876871680,
				"bits_per_second":	7012392885.89153,
				"retransmits":	916,
				"omitted":	false,
				"sender":	true
			}
		}, {
			"streams":	[{
					"socket":	7,
					"start":	3.000425,
					"end":	4.000061,
					"seconds":	0.99963599443435669,
					"bytes":	920125440,
					"bits_per_second":	7363683941.9385042,
					"retransmits":	12947,
					"snd_cwnd":	63535344,
					"rtt":	53914,
					"rttvar":	26,
					"pmtu":	1500,
					"omitted":	false,
					"sender":	true
				}],
			"sum":	{
				"start":	3.000425,
				"end":	4.000061,
				"seconds":	0.99963599443435669,
				"bytes":	920125440,
				"bits_per_second":	7363683941.9385042,
				"retransmits":	12947,
				"omitted":	false,
				"sender":	true
			}
		}, {
			"streams":	[{
					"socket":	7,
					"start":	4.000061,
					"end":	5.000008,
					"seconds":	0.99994701147079468,
					"bytes":	1127219200,
					"bits_per_second":	9018231462.82125,
					"retransmits":	0,
					"snd_cwnd":	63535344,
					"rtt":	53876,
					"rttvar":	50,
					"pmtu":	1500,
					"omitted":	false,
					"sender":	true
				}],
			"sum":	{
				"start":	4.000061,
				"end":	5.000008,
				"seconds":	0.99994701147079468,
				"bytes":	1127219200,
				"bits_per_second":	9018231462.82125,
				"retransmits":	0,
				"omitted":	false,
				"sender":	true
			}
		}, {
			"streams":	[{
					"socket":	7,
					"start":	5.000008,
					"end":	6.000084,
					"seconds":	1.0000760555267334,
					"bytes":	973864960,
					"bits_per_second":	7790327182.562705,
					"retransmits":	4571,
					"snd_cwnd":	63040128,
					"rtt":	53899,
					"rttvar":	44,
					"pmtu":	1500,
					"omitted":	false,
					"sender":	true
				}],
			"sum":	{
				"start":	5.000008,
				"end":	6.000084,
				"seconds":	1.0000760555267334,
				"bytes":	973864960,
				"bits_per_second":	7790327182.562705,
				"retransmits":	4571,
				"omitted":	false,
				"sender":	true
			}
		}, {
			"streams":	[{
					"socket":	7,
					"start":	6.000084,
					"end":	7.000063,
					"seconds":	0.999979019165039,
					"bytes":	705167360,
					"bits_per_second":	5641457242.4833441,
					"retransmits":	12916,
					"snd_cwnd":	55607544,
					"rtt":	53876,
					"rttvar":	33,
					"pmtu":	1500,
					"omitted":	false,
					"sender":	true
				}],
			"sum":	{
				"start":	6.000084,
				"end":	7.000063,
				"seconds":	0.999979019165039,
				"bytes":	705167360,
				"bits_per_second":	5641457242.4833441,
				"retransmits":	12916,
				"omitted":	false,
				"sender":	true
			}
		}, {
			"streams":	[{
					"socket":	7,
					"start":	7.000063,
					"end":	8.000126,
					"seconds":	1.0000629425048828,
					"bytes":	710410240,
					"bits_per_second":	5682924222.5143757,
					"retransmits":	1292,
					"snd_cwnd":	39117720,
					"rtt":	53883,
					"rttvar":	34,
					"pmtu":	1500,
					"omitted":	false,
					"sender":	true
				}],
			"sum":	{
				"start":	7.000063,
				"end":	8.000126,
				"seconds":	1.0000629425048828,
				"bytes":	710410240,
				"bits_per_second":	5682924222.5143757,
				"retransmits":	1292,
				"omitted":	false,
				"sender":	true
			}
		}, {
			"streams":	[{
					"socket":	7,
					"start":	8.000126,
					"end":	9.000085,
					"seconds":	0.99995899200439453,
					"bytes":	638320640,
					"bits_per_second":	5106774538.5878363,
					"retransmits":	416,
					"snd_cwnd":	38453088,
					"rtt":	53905,
					"rttvar":	66,
					"pmtu":	1500,
					"omitted":	false,
					"sender":	true
				}],
			"sum":	{
				"start":	8.000126,
				"end":	9.000085,
				"seconds":	0.99995899200439453,
				"bytes":	638320640,
				"bits_per_second":	5106774538.5878363,
				"retransmits":	416,
				"omitted":	false,
				"sender":	true
			}
		}, {
			"streams":	[{
					"socket":	7,
					"start":	9.000085,
					"end":	10.000049,
					"seconds":	0.99996399879455566,
					"bytes":	817889280,
					"bits_per_second":	6543349808.48075,
					"retransmits":	9348,
					"snd_cwnd":	52539232,
					"rtt":	53899,
					"rttvar":	37,
					"pmtu":	1500,
					"omitted":	false,
					"sender":	true
				}],
			"sum":	{
				"start":	9.000085,
				"end":	10.000049,
				"seconds":	0.99996399879455566,
				"bytes":	817889280,
				"bits_per_second":	6543349808.48075,
				"retransmits":	9348,
				"omitted":	false,
				"sender":	true
			}
		}],
	"end":	{
		"streams":	[{
				"sender":	{
					"socket":	7,
					"start":	0,
					"end":	10.000049,
					"seconds":	10.000049,
					"bytes":	8108208648,
					"bits_per_second":	6486535134.37784,
					"retransmits":	63216,
					"max_snd_cwnd":	188642544,
					"max_rtt":	54846,
					"min_rtt":	53863,
					"mean_rtt":	53985,
					"sender":	true
				},
				"receiver":	{
					"socket":	7,
					"start":	0,
					"end":	10.054264,
					"seconds":	10.000049,
					"bytes":	8029065880,
					"bits_per_second":	6388585682.65166,
					"sender":	true
				}
			}],
		"sum_sent":	{
			"start":	0,
			"end":	10.000049,
			"seconds":	10.000049,
			"bytes":	8108208648,
			"bits_per_second":	6486535134.37784,
			"retransmits":	63216,
			"sender":	true
		},
		"sum_received":	{
			"start":	0,
			"end":	10.054264,
			"seconds":	10.054264,
			"bytes":	8029065880,
			"bits_per_second":	6388585682.65166,
			"sender":	true
		},
		"cpu_utilization_percent":	{
			"host_total":	36.1933770369448,
			"host_user":	0.37848855951484572,
			"host_system":	35.814878779309176,
			"remote_total":	0.35449791359163058,
			"remote_user":	0.00468368095719685,
			"remote_system":	0.34981423263443373
		},
		"sender_tcp_congestion":	"bbr",
		"receiver_tcp_congestion":	"cubic"
	}
}
