{
	"start":	{
		"connected":	[{
				"socket":	7,
				"local_host":	"172.16.0.6",
				"local_port":	44956,
				"remote_host":	"172.17.0.6",
				"remote_port":	5201
			}],
		"version":	"iperf 3.9",
		"system_info":	"Linux h1 6.4.0-bbrv3 #1 SMP PREEMPT_DYNAMIC Tue Oct  8 11:37:28 UTC 2024 x86_64",
		"timestamp":	{
			"time":	"Fri, 25 Oct 2024 18:06:27 GMT",
			"timesecs":	1729879587
		},
		"connecting_to":	{
			"host":	"172.17.0.6",
			"port":	5201
		},
		"cookie":	"d72rrghqwevs7lqwoncplekhzaoorznfjhqb",
		"tcp_mss_default":	1448,
		"sock_bufsize":	0,
		"sndbuf_actual":	1000000,
		"rcvbuf_actual":	1000000,
		"test_start":	{
			"protocol":	"TCP",
			"num_streams":	1,
			"blksize":	131072,
			"omit":	0,
			"duration":	10,
			"bytes":	0,
			"blocks":	0,
			"reverse":	0,
			"tos":	0
		}
	},
	"intervals":	[{
			"streams":	[{
					"socket":	7,
					"start":	0,
					"end":	1.000819,
					"seconds":	1.0008189678192139,
					"bytes":	478507528,
					"bits_per_second":	3824927731.2772651,
					"retransmits":	0,
					"snd_cwnd":	182181568,
					"rtt":	54897,
					"rttvar":	241,
					"pmtu":	1500,
					"omitted":	false,
					"sender":	true
				}],
			"sum":	{
				"start":	0,
				"end":	1.000819,
				"seconds":	1.0008189678192139,
				"bytes":	478507528,
				"bits_per_second":	3824927731.2772651,
				"retransmits":	0,
				"omitted":	false,
				"sender":	true
			}
		}, {
			"streams":	[{
					"socket":	7,
					"start":	1.000819,
					"end":	2.00004,
					"seconds":	0.99922102689743042,
					"bytes":	888668160,
					"bits_per_second":	7114887586.0573444,
					"retransmits":	5049,
					"snd_cwnd":	55275952,
					"rtt":	53944,
					"rttvar":	32,
					"pmtu":	1500,
					"omitted":	false,
					"sender":	true
				}],
			"sum":	{
				"start":	1.000819,
				"end":	2.00004,
				"seconds":	0.99922102689743042,
				"bytes":	888668160,
				"bits_per_second":	7114887586.0573444,
				"retransmits":	5049,
				"omitted":	false,
				"sender":	true
			}
		}, {
			"streams":	[{
					"socket":	7,
					"start":	2.00004,
					"end":	3.000299,
					"seconds":	1.0002590417861938,
					"bytes":	917504000,
					"bits_per_second":	7338131117.4080219,
					"retransmits":	0,
					"snd_cwnd":	55275952,
					"rtt":	53934,
					"rttvar":	40,
					"pmtu":	1500,
					"omitted":	false,
					"sender":	true
				}],
			"sum":	{
				"start":	2.00004,
				"end":	3.000299,
				"seconds":	1.0002590417861938,
				"bytes":	917504000,
				"bits_per_second":	7338131117.4080219,
				"retransmits":	0,
				"omitted":	false,
				"sender":	true
			}
		}, {
			"streams":	[{
					"socket":	7,
					"start":	3.000299,
					"end":	4.000156,
					"seconds":	0.999857008457184,
					"bytes":	855900160,
					"bits_per_second":	6848180511.89688,
					"retransmits":	873,
					"snd_cwnd":	94144616,
					"rtt":	54047,
					"rttvar":	81,
					"pmtu":	1500,
					"omitted":	false,
					"sender":	true
				}],
			"sum":	{
				"start":	3.000299,
				"end":	4.000156,
				"seconds":	0.999857008457184,
				"bytes":	855900160,
				"bits_per_second":	6848180511.89688,
				"retransmits":	873,
				"omitted":	false,
				"sender":	true
			}
		}, {
			"streams":	[{
					"socket":	7,
					"start":	4.000156,
					"end":	5.000054,
					"seconds":	0.99989801645278931,
					"bytes":	1026293760,
					"bits_per_second":	8211187486.0266371,
					"retransmits":	7793,
					"snd_cwnd":	63503488,
					"rtt":	53934,
					"rttvar":	39,
					"pmtu":	1500,
					"omitted":	false,
					"sender":	true
				}],
			"sum":	{
				"start":	4.000156,
				"end":	5.000054,
				"seconds":	0.99989801645278931,
				"bytes":	1026293760,
				"bits_per_second":	8211187486.0266371,
				"retransmits":	7793,
				"omitted":	false,
				"sender":	true
			}
		}, {
			"streams":	[{
					"socket":	7,
					"start":	5.000054,
					"end":	6.000103,
					"seconds":	1.0000489950180054,
					"bytes":	816578560,
					"bits_per_second":	6532308429.4308834,
					"retransmits":	13934,
					"snd_cwnd":	45481680,
					"rtt":	53952,
					"rttvar":	46,
					"pmtu":	1500,
					"omitted":	false,
					"sender":	true
				}],
			"sum":	{
				"start":	5.000054,
				"end":	6.000103,
				"seconds":	1.0000489950180054,
				"bytes":	816578560,
				"bits_per_second":	6532308429.4308834,
				"retransmits":	13934,
				"omitted":	false,
				"sender":	true
			}
		}, {
			"streams":	[{
					"socket":	7,
					"start":	6.000103,
					"end":	7.000073,
					"seconds":	0.999970018863678,
					"bytes":	757596160,
					"bits_per_second":	6060950994.197998,
					"retransmits":	755,
					"snd_cwnd":	62297304,
					"rtt":	55000,
					"rttvar":	29,
					"pmtu":	1500,
					"omitted":	false,
					"sender":	true
				}],
			"sum":	{
				"start":	6.000103,
				"end":	7.000073,
				"seconds":	0.999970018863678,
				"bytes":	757596160,
				"bits_per_second":	6060950994.197998,
				"retransmits":	755,
				"omitted":	false,
				"sender":	true
			}
		}, {
			"streams":	[{
					"socket":	7,
					"start":	7.000073,
					"end":	8.000041,
					"seconds":	0.99996799230575562,
					"bytes":	942407680,
					"bits_per_second":	7539502762.099164,
					"retransmits":	0,
					"snd_cwnd":	56146200,
					"rtt":	53925,
					"rttvar":	33,
					"pmtu":	1500,
					"omitted":	false,
					"sender":	true
				}],
			"sum":	{
				"start":	7.000073,
				"end":	8.000041,
				"seconds":	0.99996799230575562,
				"bytes":	942407680,
				"bits_per_second":	7539502762.099164,
				"retransmits":	0,
				"omitted":	false,
				"sender":	true
			}
		}, {
			"streams":	[{
					"socket":	7,
					"start":	8.000041,
					"end":	9.000361,
					"seconds":	1.0003199577331543,
					"bytes":	917504000,
					"bits_per_second":	7337684251.18039,
					"retransmits":	0,
					"snd_cwnd":	94144616,
					"rtt":	53946,
					"rttvar":	32,
					"pmtu":	1500,
					"omitted":	false,
					"sender":	true
				}],
			"sum":	{
				"start":	8.000041,
				"end":	9.000361,
				"seconds":	1.0003199577331543,
				"bytes":	917504000,
				"bits_per_second":	7337684251.18039,
				"retransmits":	0,
				"omitted":	false,
				"sender":	true
			}
		}, {
			"streams":	[{
					"socket":	7,
					"start":	9.000361,
					"end":	10.00028,
					"seconds":	0.99991899728775024,
					"bytes":	1066926080,
					"bits_per_second":	8536100087.2591038,
					"retransmits":	594,
					"snd_cwnd":	60855096,
					"rtt":	54003,
					"rttvar":	36,
					"pmtu":	1500,
					"omitted":	false,
					"sender":	true
				}],
			"sum":	{
				"start":	9.000361,
				"end":	10.00028,
				"seconds":	0.99991899728775024,
				"bytes":	1066926080,
				"bits_per_second":	8536100087.2591038,
				"retransmits":	594,
				"omitted":	false,
				"sender":	true
			}
		}],
	"end":	{
		"streams":	[{
				"sender":	{
					"socket":	7,
					"start":	0,
					"end":	10.00028,
					"seconds":	10.00028,
					"bytes":	8667886088,
					"bits_per_second":	6934114715.1879749,
					"retransmits":	28998,
					"max_snd_cwnd":	182181568,
					"max_rtt":	55000,
					"min_rtt":	53925,
					"mean_rtt":	54158,
					"sender":	true
				},
				"receiver":	{
					"socket":	7,
					"start":	0,
					"end":	10.054069,
					"seconds":	10.00028,
					"bytes":	8607709848,
					"bits_per_second":	6849135288.80695,
					"sender":	true
				}
			}],
		"sum_sent":	{
			"start":	0,
			"end":	10.00028,
			"seconds":	10.00028,
			"bytes":	8667886088,
			"bits_per_second":	6934114715.1879749,
			"retransmits":	28998,
			"sender":	true
		},
		"sum_received":	{
			"start":	0,
			"end":	10.054069,
			"seconds":	10.054069,
			"bytes":	8607709848,
			"bits_per_second":	6849135288.80695,
			"sender":	true
		},
		"cpu_utilization_percent":	{
			"host_total":	32.301301813198954,
			"host_user":	0.40704327696454451,
			"host_system":	31.894297321653493,
			"remote_total":	0.33498578252865957,
			"remote_user":	0.0069005225849718584,
			"remote_system":	0.3280853609481314
		},
		"sender_tcp_congestion":	"bbr",
		"receiver_tcp_congestion":	"cubic"
	}
}
