{
	"start":	{
		"connected":	[{
				"socket":	7,
				"local_host":	"172.16.0.6",
				"local_port":	42286,
				"remote_host":	"172.17.0.6",
				"remote_port":	5201
			}],
		"version":	"iperf 3.9",
		"system_info":	"Linux h1 6.4.0-bbrv3 #1 SMP PREEMPT_DYNAMIC Tue Oct  8 11:37:28 UTC 2024 x86_64",
		"timestamp":	{
			"time":	"Tue, 14 Jan 2025 17:43:16 GMT",
			"timesecs":	1736876596
		},
		"connecting_to":	{
			"host":	"172.17.0.6",
			"port":	5201
		},
		"cookie":	"ju5p6j6lg5fckxhal6xzlcxjiyaok7wnvpvh",
		"tcp_mss_default":	1448,
		"sock_bufsize":	0,
		"sndbuf_actual":	1000000,
		"rcvbuf_actual":	1000000,
		"test_start":	{
			"protocol":	"TCP",
			"num_streams":	1,
			"blksize":	131072,
			"omit":	0,
			"duration":	10,
			"bytes":	0,
			"blocks":	0,
			"reverse":	0,
			"tos":	0
		}
	},
	"intervals":	[{
			"streams":	[{
					"socket":	7,
					"start":	0,
					"end":	1.000071,
					"seconds":	1.0000710487365723,
					"bytes":	30176128,
					"bits_per_second":	241391873.41237524,
					"retransmits":	877,
					"snd_cwnd":	1633344,
					"rtt":	51373,
					"rttvar":	404,
					"pmtu":	1500,
					"omitted":	false,
					"sender":	true
				}],
			"sum":	{
				"start":	0,
				"end":	1.000071,
				"seconds":	1.0000710487365723,
				"bytes":	30176128,
				"bits_per_second":	241391873.41237524,
				"retransmits":	877,
				"omitted":	false,
				"sender":	true
			}
		}, {
			"streams":	[{
					"socket":	7,
					"start":	1.000071,
					"end":	2.000066,
					"seconds":	0.999994993209839,
					"bytes":	30146560,
					"bits_per_second":	241173687.50604573,
					"retransmits":	69,
					"snd_cwnd":	1587008,
					"rtt":	51150,
					"rttvar":	58,
					"pmtu":	1500,
					"omitted":	false,
					"sender":	true
				}],
			"sum":	{
				"start":	1.000071,
				"end":	2.000066,
				"seconds":	0.999994993209839,
				"bytes":	30146560,
				"bits_per_second":	241173687.50604573,
				"retransmits":	69,
				"omitted":	false,
				"sender":	true
			}
		}, {
			"streams":	[{
					"socket":	7,
					"start":	2.000066,
					"end":	3.000033,
					"seconds":	0.99996697902679443,
					"bytes":	27525120,
					"bits_per_second":	220208231.49011168,
					"retransmits":	519,
					"snd_cwnd":	1584112,
					"rtt":	52159,
					"rttvar":	349,
					"pmtu":	1500,
					"omitted":	false,
					"sender":	true
				}],
			"sum":	{
				"start":	2.000066,
				"end":	3.000033,
				"seconds":	0.99996697902679443,
				"bytes":	27525120,
				"bits_per_second":	220208231.49011168,
				"retransmits":	519,
				"omitted":	false,
				"sender":	true
			}
		}, {
			"streams":	[{
					"socket":	7,
					"start":	3.000033,
					"end":	4.000075,
					"seconds":	1.0000419616699219,
					"bytes":	30146560,
					"bits_per_second":	241162360.42463428,
					"retransmits":	531,
					"snd_cwnd":	1602936,
					"rtt":	51158,
					"rttvar":	51,
					"pmtu":	1500,
					"omitted":	false,
					"sender":	true
				}],
			"sum":	{
				"start":	3.000033,
				"end":	4.000075,
				"seconds":	1.0000419616699219,
				"bytes":	30146560,
				"bits_per_second":	241162360.42463428,
				"retransmits":	531,
				"omitted":	false,
				"sender":	true
			}
		}, {
			"streams":	[{
					"socket":	7,
					"start":	4.000075,
					"end":	5.000072,
					"seconds":	0.99999701976776123,
					"bytes":	31457280,
					"bits_per_second":	251658990.00223517,
					"retransmits":	0,
					"snd_cwnd":	1602936,
					"rtt":	51122,
					"rttvar":	57,
					"pmtu":	1500,
					"omitted":	false,
					"sender":	true
				}],
			"sum":	{
				"start":	4.000075,
				"end":	5.000072,
				"seconds":	0.99999701976776123,
				"bytes":	31457280,
				"bits_per_second":	251658990.00223517,
				"retransmits":	0,
				"omitted":	false,
				"sender":	true
			}
		}, {
			"streams":	[{
					"socket":	7,
					"start":	5.000072,
					"end":	6.000072,
					"seconds":	1,
					"bytes":	26214400,
					"bits_per_second":	209715200,
					"retransmits":	50,
					"snd_cwnd":	1602936,
					"rtt":	51097,
					"rttvar":	95,
					"pmtu":	1500,
					"omitted":	false,
					"sender":	true
				}],
			"sum":	{
				"start":	5.000072,
				"end":	6.000072,
				"seconds":	1,
				"bytes":	26214400,
				"bits_per_second":	209715200,
				"retransmits":	50,
				"omitted":	false,
				"sender":	true
			}
		}, {
			"streams":	[{
					"socket":	7,
					"start":	6.000072,
					"end":	7.000069,
					"seconds":	0.99999701976776123,
					"bytes":	31457280,
					"bits_per_second":	251658990.00223517,
					"retransmits":	0,
					"snd_cwnd":	1602936,
					"rtt":	51110,
					"rttvar":	67,
					"pmtu":	1500,
					"omitted":	false,
					"sender":	true
				}],
			"sum":	{
				"start":	6.000072,
				"end":	7.000069,
				"seconds":	0.99999701976776123,
				"bytes":	31457280,
				"bits_per_second":	251658990.00223517,
				"retransmits":	0,
				"omitted":	false,
				"sender":	true
			}
		}, {
			"streams":	[{
					"socket":	7,
					"start":	7.000069,
					"end":	8.000066,
					"seconds":	0.99999701976776123,
					"bytes":	30146560,
					"bits_per_second":	241173198.752142,
					"retransmits":	88,
					"snd_cwnd":	1600040,
					"rtt":	51155,
					"rttvar":	112,
					"pmtu":	1500,
					"omitted":	false,
					"sender":	true
				}],
			"sum":	{
				"start":	7.000069,
				"end":	8.000066,
				"seconds":	0.99999701976776123,
				"bytes":	30146560,
				"bits_per_second":	241173198.752142,
				"retransmits":	88,
				"omitted":	false,
				"sender":	true
			}
		}, {
			"streams":	[{
					"socket":	7,
					"start":	8.000066,
					"end":	9.000074,
					"seconds":	1.0000079870224,
					"bytes":	30146560,
					"bits_per_second":	241170553.76538488,
					"retransmits":	150,
					"snd_cwnd":	1600040,
					"rtt":	51045,
					"rttvar":	50,
					"pmtu":	1500,
					"omitted":	false,
					"sender":	true
				}],
			"sum":	{
				"start":	8.000066,
				"end":	9.000074,
				"seconds":	1.0000079870224,
				"bytes":	30146560,
				"bits_per_second":	241170553.76538488,
				"retransmits":	150,
				"omitted":	false,
				"sender":	true
			}
		}, {
			"streams":	[{
					"socket":	7,
					"start":	9.000074,
					"end":	10.000068,
					"seconds":	0.99999397993087769,
					"bytes":	30146560,
					"bits_per_second":	241173931.88374045,
					"retransmits":	2,
					"snd_cwnd":	1589904,
					"rtt":	51095,
					"rttvar":	33,
					"pmtu":	1500,
					"omitted":	false,
					"sender":	true
				}],
			"sum":	{
				"start":	9.000074,
				"end":	10.000068,
				"seconds":	0.99999397993087769,
				"bytes":	30146560,
				"bits_per_second":	241173931.88374045,
				"retransmits":	2,
				"omitted":	false,
				"sender":	true
			}
		}],
	"end":	{
		"streams":	[{
				"sender":	{
					"socket":	7,
					"start":	0,
					"end":	10.000068,
					"seconds":	10.000068,
					"bytes":	297563008,
					"bits_per_second":	238048787.66824386,
					"retransmits":	2286,
					"max_snd_cwnd":	1633344,
					"max_rtt":	52159,
					"min_rtt":	51045,
					"mean_rtt":	51246,
					"sender":	true
				},
				"receiver":	{
					"socket":	7,
					"start":	0,
					"end":	10.03912,
					"seconds":	10.000068,
					"bytes":	286618568,
					"bits_per_second":	228401348.32535121,
					"sender":	true
				}
			}],
		"sum_sent":	{
			"start":	0,
			"end":	10.000068,
			"seconds":	10.000068,
			"bytes":	297563008,
			"bits_per_second":	238048787.66824386,
			"retransmits":	2286,
			"sender":	true
		},
		"sum_received":	{
			"start":	0,
			"end":	10.03912,
			"seconds":	10.03912,
			"bytes":	286618568,
			"bits_per_second":	228401348.32535121,
			"sender":	true
		},
		"cpu_utilization_percent":	{
			"host_total":	1.42527555837489,
			"host_user":	0.22558465427911586,
			"host_system":	1.1997006498362277,
			"remote_total":	0.39623363482536017,
			"remote_user":	0.00409498077006795,
			"remote_system":	0.39213763692146952
		},
		"sender_tcp_congestion":	"bbr",
		"receiver_tcp_congestion":	"cubic"
	}
}
