{
	"start":	{
		"connected":	[{
				"socket":	7,
				"local_host":	"172.16.0.7",
				"local_port":	43920,
				"remote_host":	"172.17.0.7",
				"remote_port":	5201
			}],
		"version":	"iperf 3.9",
		"system_info":	"Linux h1 6.4.0-bbrv3 #1 SMP PREEMPT_DYNAMIC Tue Oct  8 11:37:28 UTC 2024 x86_64",
		"timestamp":	{
			"time":	"Tue, 14 Jan 2025 17:43:16 GMT",
			"timesecs":	1736876596
		},
		"connecting_to":	{
			"host":	"172.17.0.7",
			"port":	5201
		},
		"cookie":	"k66iujklnxnaev6as6jdqeky24e4vrmd76xd",
		"tcp_mss_default":	1448,
		"sock_bufsize":	0,
		"sndbuf_actual":	1000000,
		"rcvbuf_actual":	1000000,
		"test_start":	{
			"protocol":	"TCP",
			"num_streams":	1,
			"blksize":	131072,
			"omit":	0,
			"duration":	10,
			"bytes":	0,
			"blocks":	0,
			"reverse":	0,
			"tos":	0
		}
	},
	"intervals":	[{
			"streams":	[{
					"socket":	7,
					"start":	0,
					"end":	1.000055,
					"seconds":	1.0000549554824829,
					"bytes":	499413888,
					"bits_per_second":	3995091551.8162065,
					"retransmits":	26586,
					"snd_cwnd":	24311920,
					"rtt":	35835,
					"rttvar":	82,
					"pmtu":	1500,
					"omitted":	false,
					"sender":	true
				}],
			"sum":	{
				"start":	0,
				"end":	1.000055,
				"seconds":	1.0000549554824829,
				"bytes":	499413888,
				"bits_per_second":	3995091551.8162065,
				"retransmits":	26586,
				"omitted":	false,
				"sender":	true
			}
		}, {
			"streams":	[{
					"socket":	7,
					"start":	1.000055,
					"end":	2.000061,
					"seconds":	1.0000059604644775,
					"bytes":	604241920,
					"bits_per_second":	4833906547.6717348,
					"retransmits":	86,
					"snd_cwnd":	23440224,
					"rtt":	35502,
					"rttvar":	707,
					"pmtu":	1500,
					"omitted":	false,
					"sender":	true
				}],
			"sum":	{
				"start":	1.000055,
				"end":	2.000061,
				"seconds":	1.0000059604644775,
				"bytes":	604241920,
				"bits_per_second":	4833906547.6717348,
				"retransmits":	86,
				"omitted":	false,
				"sender":	true
			}
		}, {
			"streams":	[{
					"socket":	7,
					"start":	2.000061,
					"end":	3.000062,
					"seconds":	1.0000009536743164,
					"bytes":	558366720,
					"bits_per_second":	4466929500.0040627,
					"retransmits":	2042,
					"snd_cwnd":	21598368,
					"rtt":	35722,
					"rttvar":	91,
					"pmtu":	1500,
					"omitted":	false,
					"sender":	true
				}],
			"sum":	{
				"start":	2.000061,
				"end":	3.000062,
				"seconds":	1.0000009536743164,
				"bytes":	558366720,
				"bits_per_second":	4466929500.0040627,
				"retransmits":	2042,
				"omitted":	false,
				"sender":	true
			}
		}, {
			"streams":	[{
					"socket":	7,
					"start":	3.000062,
					"end":	4.00047,
					"seconds":	1.0004080533981323,
					"bytes":	513802240,
					"bits_per_second":	4108741334.136559,
					"retransmits":	4337,
					"snd_cwnd":	18563360,
					"rtt":	34773,
					"rttvar":	32,
					"pmtu":	1500,
					"omitted":	false,
					"sender":	true
				}],
			"sum":	{
				"start":	3.000062,
				"end":	4.00047,
				"seconds":	1.0004080533981323,
				"bytes":	513802240,
				"bits_per_second":	4108741334.136559,
				"retransmits":	4337,
				"omitted":	false,
				"sender":	true
			}
		}, {
			"streams":	[{
					"socket":	7,
					"start":	4.00047,
					"end":	5.000229,
					"seconds":	0.999759018421173,
					"bytes":	471859200,
					"bits_per_second":	3775783494.2677574,
					"retransmits":	231,
					"snd_cwnd":	25409504,
					"rtt":	35847,
					"rttvar":	59,
					"pmtu":	1500,
					"omitted":	false,
					"sender":	true
				}],
			"sum":	{
				"start":	4.00047,
				"end":	5.000229,
				"seconds":	0.999759018421173,
				"bytes":	471859200,
				"bits_per_second":	3775783494.2677574,
				"retransmits":	231,
				"omitted":	false,
				"sender":	true
			}
		}, {
			"streams":	[{
					"socket":	7,
					"start":	5.000229,
					"end":	6.000067,
					"seconds":	0.99983799457550049,
					"bytes":	559677440,
					"bits_per_second":	4478145003.78231,
					"retransmits":	1426,
					"snd_cwnd":	19749272,
					"rtt":	34713,
					"rttvar":	44,
					"pmtu":	1500,
					"omitted":	false,
					"sender":	true
				}],
			"sum":	{
				"start":	5.000229,
				"end":	6.000067,
				"seconds":	0.99983799457550049,
				"bytes":	559677440,
				"bits_per_second":	4478145003.78231,
				"retransmits":	1426,
				"omitted":	false,
				"sender":	true
			}
		}, {
			"streams":	[{
					"socket":	7,
					"start":	6.000067,
					"end":	7.000084,
					"seconds":	1.0000170469284058,
					"bytes":	532152320,
					"bits_per_second":	4257145988.7371173,
					"retransmits":	136,
					"snd_cwnd":	19549448,
					"rtt":	35657,
					"rttvar":	138,
					"pmtu":	1500,
					"omitted":	false,
					"sender":	true
				}],
			"sum":	{
				"start":	6.000067,
				"end":	7.000084,
				"seconds":	1.0000170469284058,
				"bytes":	532152320,
				"bits_per_second":	4257145988.7371173,
				"retransmits":	136,
				"omitted":	false,
				"sender":	true
			}
		}, {
			"streams":	[{
					"socket":	7,
					"start":	7.000084,
					"end":	8.00006,
					"seconds":	0.99997597932815552,
					"bytes":	478412800,
					"bits_per_second":	3827394336.5833783,
					"retransmits":	1478,
					"snd_cwnd":	17978368,
					"rtt":	34720,
					"rttvar":	69,
					"pmtu":	1500,
					"omitted":	false,
					"sender":	true
				}],
			"sum":	{
				"start":	7.000084,
				"end":	8.00006,
				"seconds":	0.99997597932815552,
				"bytes":	478412800,
				"bits_per_second":	3827394336.5833783,
				"retransmits":	1478,
				"omitted":	false,
				"sender":	true
			}
		}, {
			"streams":	[{
					"socket":	7,
					"start":	8.00006,
					"end":	9.00006,
					"seconds":	1,
					"bytes":	528220160,
					"bits_per_second":	4225761280,
					"retransmits":	3198,
					"snd_cwnd":	18441728,
					"rtt":	34649,
					"rttvar":	24,
					"pmtu":	1500,
					"omitted":	false,
					"sender":	true
				}],
			"sum":	{
				"start":	8.00006,
				"end":	9.00006,
				"seconds":	1,
				"bytes":	528220160,
				"bits_per_second":	4225761280,
				"retransmits":	3198,
				"omitted":	false,
				"sender":	true
			}
		}, {
			"streams":	[{
					"socket":	7,
					"start":	9.00006,
					"end":	10.000136,
					"seconds":	1.0000760555267334,
					"bytes":	477102080,
					"bits_per_second":	3816526372.07648,
					"retransmits":	97,
					"snd_cwnd":	17855288,
					"rtt":	34760,
					"rttvar":	85,
					"pmtu":	1500,
					"omitted":	false,
					"sender":	true
				}],
			"sum":	{
				"start":	9.00006,
				"end":	10.000136,
				"seconds":	1.0000760555267334,
				"bytes":	477102080,
				"bits_per_second":	3816526372.07648,
				"retransmits":	97,
				"omitted":	false,
				"sender":	true
			}
		}],
	"end":	{
		"streams":	[{
				"sender":	{
					"socket":	7,
					"start":	0,
					"end":	10.000136,
					"seconds":	10.000136,
					"bytes":	5223248768,
					"bits_per_second":	4178542186.2262673,
					"retransmits":	39617,
					"max_snd_cwnd":	25409504,
					"max_rtt":	35847,
					"min_rtt":	34649,
					"mean_rtt":	35217,
					"sender":	true
				},
				"receiver":	{
					"socket":	7,
					"start":	0,
					"end":	10.04128,
					"seconds":	10.000136,
					"bytes":	5105141200,
					"bits_per_second":	4067323050.4477515,
					"sender":	true
				}
			}],
		"sum_sent":	{
			"start":	0,
			"end":	10.000136,
			"seconds":	10.000136,
			"bytes":	5223248768,
			"bits_per_second":	4178542186.2262673,
			"retransmits":	39617,
			"sender":	true
		},
		"sum_received":	{
			"start":	0,
			"end":	10.04128,
			"seconds":	10.04128,
			"bytes":	5105141200,
			"bits_per_second":	4067323050.4477515,
			"sender":	true
		},
		"cpu_utilization_percent":	{
			"host_total":	14.242791089005195,
			"host_user":	0.14180486152605623,
			"host_system":	14.100986227479137,
			"remote_total":	3.6365692010464579,
			"remote_user":	0.0703372457246507,
			"remote_system":	3.5662654701607219
		},
		"sender_tcp_congestion":	"bbr",
		"receiver_tcp_congestion":	"cubic"
	}
}
