{
	"start":	{
		"connected":	[{
				"socket":	7,
				"local_host":	"172.16.0.8",
				"local_port":	36774,
				"remote_host":	"172.17.0.8",
				"remote_port":	5201
			}],
		"version":	"iperf 3.9",
		"system_info":	"Linux h1 6.4.0-bbrv3 #1 SMP PREEMPT_DYNAMIC Tue Oct  8 11:37:28 UTC 2024 x86_64",
		"timestamp":	{
			"time":	"Fri, 25 Oct 2024 18:06:51 GMT",
			"timesecs":	1729879611
		},
		"connecting_to":	{
			"host":	"172.17.0.8",
			"port":	5201
		},
		"cookie":	"xvhxohlcyhtqy6t2em6nqwhym7fldzlm3vsy",
		"tcp_mss_default":	1448,
		"sock_bufsize":	0,
		"sndbuf_actual":	1000000,
		"rcvbuf_actual":	1000000,
		"test_start":	{
			"protocol":	"TCP",
			"num_streams":	1,
			"blksize":	131072,
			"omit":	0,
			"duration":	10,
			"bytes":	0,
			"blocks":	0,
			"reverse":	0,
			"tos":	0
		}
	},
	"intervals":	[{
			"streams":	[{
					"socket":	7,
					"start":	0,
					"end":	1.000104,
					"seconds":	1.0001039505004883,
					"bytes":	333017608,
					"bits_per_second":	2663863954.0087481,
					"retransmits":	3423,
					"snd_cwnd":	184184152,
					"rtt":	55474,
					"rttvar":	323,
					"pmtu":	1500,
					"omitted":	false,
					"sender":	true
				}],
			"sum":	{
				"start":	0,
				"end":	1.000104,
				"seconds":	1.0001039505004883,
				"bytes":	333017608,
				"bits_per_second":	2663863954.0087481,
				"retransmits":	3423,
				"omitted":	false,
				"sender":	true
			}
		}, {
			"streams":	[{
					"socket":	7,
					"start":	1.000104,
					"end":	2.000213,
					"seconds":	1.0001089572906494,
					"bytes":	1077411840,
					"bits_per_second":	8618355687.3144569,
					"retransmits":	6280,
					"snd_cwnd":	91057480,
					"rtt":	54057,
					"rttvar":	109,
					"pmtu":	1500,
					"omitted":	false,
					"sender":	true
				}],
			"sum":	{
				"start":	1.000104,
				"end":	2.000213,
				"seconds":	1.0001089572906494,
				"bytes":	1077411840,
				"bits_per_second":	8618355687.3144569,
				"retransmits":	6280,
				"omitted":	false,
				"sender":	true
			}
		}, {
			"streams":	[{
					"socket":	7,
					"start":	2.000213,
					"end":	3.000608,
					"seconds":	1.0003950595855713,
					"bytes":	800849920,
					"bits_per_second":	6404269292.0276051,
					"retransmits":	3509,
					"snd_cwnd":	59071160,
					"rtt":	54040,
					"rttvar":	90,
					"pmtu":	1500,
					"omitted":	false,
					"sender":	true
				}],
			"sum":	{
				"start":	2.000213,
				"end":	3.000608,
				"seconds":	1.0003950595855713,
				"bytes":	800849920,
				"bits_per_second":	6404269292.0276051,
				"retransmits":	3509,
				"omitted":	false,
				"sender":	true
			}
		}, {
			"streams":	[{
					"socket":	7,
					"start":	3.000608,
					"end":	4.000539,
					"seconds":	0.99993097782135,
					"bytes":	956825600,
					"bits_per_second":	7655133173.9695225,
					"retransmits":	0,
					"snd_cwnd":	175125464,
					"rtt":	53944,
					"rttvar":	28,
					"pmtu":	1500,
					"omitted":	false,
					"sender":	true
				}],
			"sum":	{
				"start":	3.000608,
				"end":	4.000539,
				"seconds":	0.99993097782135,
				"bytes":	956825600,
				"bits_per_second":	7655133173.9695225,
				"retransmits":	0,
				"omitted":	false,
				"sender":	true
			}
		}, {
			"streams":	[{
					"socket":	7,
					"start":	4.000539,
					"end":	5.000165,
					"seconds":	0.99962598085403442,
					"bytes":	1123287040,
					"bits_per_second":	8989658624.4412365,
					"retransmits":	2346,
					"snd_cwnd":	87718392,
					"rtt":	53899,
					"rttvar":	28,
					"pmtu":	1500,
					"omitted":	false,
					"sender":	true
				}],
			"sum":	{
				"start":	4.000539,
				"end":	5.000165,
				"seconds":	0.99962598085403442,
				"bytes":	1123287040,
				"bits_per_second":	8989658624.4412365,
				"retransmits":	2346,
				"omitted":	false,
				"sender":	true
			}
		}, {
			"streams":	[{
					"socket":	7,
					"start":	5.000165,
					"end":	6.000032,
					"seconds":	0.999867022037506,
					"bytes":	828375040,
					"bits_per_second":	6627881682.20175,
					"retransmits":	376,
					"snd_cwnd":	46926784,
					"rtt":	54053,
					"rttvar":	72,
					"pmtu":	1500,
					"omitted":	false,
					"sender":	true
				}],
			"sum":	{
				"start":	5.000165,
				"end":	6.000032,
				"seconds":	0.999867022037506,
				"bytes":	828375040,
				"bits_per_second":	6627881682.20175,
				"retransmits":	376,
				"omitted":	false,
				"sender":	true
			}
		}, {
			"streams":	[{
					"socket":	7,
					"start":	6.000032,
					"end":	7.000071,
					"seconds":	1.0000389814376831,
					"bytes":	879493120,
					"bits_per_second":	7035670699.44107,
					"retransmits":	14968,
					"snd_cwnd":	92954360,
					"rtt":	53916,
					"rttvar":	31,
					"pmtu":	1500,
					"omitted":	false,
					"sender":	true
				}],
			"sum":	{
				"start":	6.000032,
				"end":	7.000071,
				"seconds":	1.0000389814376831,
				"bytes":	879493120,
				"bits_per_second":	7035670699.44107,
				"retransmits":	14968,
				"omitted":	false,
				"sender":	true
			}
		}, {
			"streams":	[{
					"socket":	7,
					"start":	7.000071,
					"end":	8.000202,
					"seconds":	1.0001310110092163,
					"bytes":	934543360,
					"bits_per_second":	7475367524.556345,
					"retransmits":	16442,
					"snd_cwnd":	65358376,
					"rtt":	53924,
					"rttvar":	33,
					"pmtu":	1500,
					"omitted":	false,
					"sender":	true
				}],
			"sum":	{
				"start":	7.000071,
				"end":	8.000202,
				"seconds":	1.0001310110092163,
				"bytes":	934543360,
				"bits_per_second":	7475367524.556345,
				"retransmits":	16442,
				"omitted":	false,
				"sender":	true
			}
		}, {
			"streams":	[{
					"socket":	7,
					"start":	8.000202,
					"end":	9.000102,
					"seconds":	0.999899983406067,
					"bytes":	850657280,
					"bits_per_second":	6805938946.83198,
					"retransmits":	6402,
					"snd_cwnd":	51728352,
					"rtt":	53958,
					"rttvar":	31,
					"pmtu":	1500,
					"omitted":	false,
					"sender":	true
				}],
			"sum":	{
				"start":	8.000202,
				"end":	9.000102,
				"seconds":	0.999899983406067,
				"bytes":	850657280,
				"bits_per_second":	6805938946.83198,
				"retransmits":	6402,
				"omitted":	false,
				"sender":	true
			}
		}, {
			"streams":	[{
					"socket":	7,
					"start":	9.000102,
					"end":	10.000526,
					"seconds":	1.0004240274429321,
					"bytes":	1098383360,
					"bits_per_second":	8783342501.73859,
					"retransmits":	0,
					"snd_cwnd":	148638648,
					"rtt":	53917,
					"rttvar":	38,
					"pmtu":	1500,
					"omitted":	false,
					"sender":	true
				}],
			"sum":	{
				"start":	9.000102,
				"end":	10.000526,
				"seconds":	1.0004240274429321,
				"bytes":	1098383360,
				"bits_per_second":	8783342501.73859,
				"retransmits":	0,
				"omitted":	false,
				"sender":	true
			}
		}],
	"end":	{
		"streams":	[{
				"sender":	{
					"socket":	7,
					"start":	0,
					"end":	10.000526,
					"seconds":	10.000526,
					"bytes":	8882844168,
					"bits_per_second":	7105901563.9777346,
					"retransmits":	53746,
					"max_snd_cwnd":	184184152,
					"max_rtt":	55474,
					"min_rtt":	53899,
					"mean_rtt":	54118,
					"sender":	true
				},
				"receiver":	{
					"socket":	7,
					"start":	0,
					"end":	10.054446,
					"seconds":	10.000526,
					"bytes":	8808468560,
					"bits_per_second":	7008615738.7488079,
					"sender":	true
				}
			}],
		"sum_sent":	{
			"start":	0,
			"end":	10.000526,
			"seconds":	10.000526,
			"bytes":	8882844168,
			"bits_per_second":	7105901563.9777346,
			"retransmits":	53746,
			"sender":	true
		},
		"sum_received":	{
			"start":	0,
			"end":	10.054446,
			"seconds":	10.054446,
			"bytes":	8808468560,
			"bits_per_second":	7008615738.7488079,
			"sender":	true
		},
		"cpu_utilization_percent":	{
			"host_total":	45.427450203109046,
			"host_user":	0.29515805229819014,
			"host_system":	45.132292150810848,
			"remote_total":	0.38329358591281321,
			"remote_user":	0.00440309360219126,
			"remote_system":	0.378890391301386
		},
		"sender_tcp_congestion":	"bbr",
		"receiver_tcp_congestion":	"cubic"
	}
}
