{
	"start":	{
		"connected":	[{
				"socket":	7,
				"local_host":	"172.16.0.8",
				"local_port":	53966,
				"remote_host":	"172.17.0.8",
				"remote_port":	5201
			}],
		"version":	"iperf 3.9",
		"system_info":	"Linux h1 6.4.0-bbrv3 #1 SMP PREEMPT_DYNAMIC Tue Oct  8 11:37:28 UTC 2024 x86_64",
		"timestamp":	{
			"time":	"Tue, 14 Jan 2025 17:43:16 GMT",
			"timesecs":	1736876596
		},
		"connecting_to":	{
			"host":	"172.17.0.8",
			"port":	5201
		},
		"cookie":	"25l3hw5xiynbq63artwxmwjbshogahjpesbd",
		"tcp_mss_default":	1448,
		"sock_bufsize":	0,
		"sndbuf_actual":	1000000,
		"rcvbuf_actual":	1000000,
		"test_start":	{
			"protocol":	"TCP",
			"num_streams":	1,
			"blksize":	131072,
			"omit":	0,
			"duration":	10,
			"bytes":	0,
			"blocks":	0,
			"reverse":	0,
			"tos":	0
		}
	},
	"intervals":	[{
			"streams":	[{
					"socket":	7,
					"start":	0,
					"end":	1.000074,
					"seconds":	1.000074028968811,
					"bytes":	145519488,
					"bits_per_second":	1164069729.1183293,
					"retransmits":	7019,
					"snd_cwnd":	5010080,
					"rtt":	34648,
					"rttvar":	48,
					"pmtu":	1500,
					"omitted":	false,
					"sender":	true
				}],
			"sum":	{
				"start":	0,
				"end":	1.000074,
				"seconds":	1.000074028968811,
				"bytes":	145519488,
				"bits_per_second":	1164069729.1183293,
				"retransmits":	7019,
				"omitted":	false,
				"sender":	true
			}
		}, {
			"streams":	[{
					"socket":	7,
					"start":	1.000074,
					"end":	2.000063,
					"seconds":	0.99998897314071655,
					"bytes":	98304000,
					"bits_per_second":	786440671.97062457,
					"retransmits":	1387,
					"snd_cwnd":	4887000,
					"rtt":	34682,
					"rttvar":	42,
					"pmtu":	1500,
					"omitted":	false,
					"sender":	true
				}],
			"sum":	{
				"start":	1.000074,
				"end":	2.000063,
				"seconds":	0.99998897314071655,
				"bytes":	98304000,
				"bits_per_second":	786440671.97062457,
				"retransmits":	1387,
				"omitted":	false,
				"sender":	true
			}
		}, {
			"streams":	[{
					"socket":	7,
					"start":	2.000063,
					"end":	3.000075,
					"seconds":	1.0000120401382446,
					"bytes":	108789760,
					"bits_per_second":	870307601.376164,
					"retransmits":	450,
					"snd_cwnd":	4171688,
					"rtt":	34714,
					"rttvar":	65,
					"pmtu":	1500,
					"omitted":	false,
					"sender":	true
				}],
			"sum":	{
				"start":	2.000063,
				"end":	3.000075,
				"seconds":	1.0000120401382446,
				"bytes":	108789760,
				"bits_per_second":	870307601.376164,
				"retransmits":	450,
				"omitted":	false,
				"sender":	true
			}
		}, {
			"streams":	[{
					"socket":	7,
					"start":	3.000075,
					"end":	4.000064,
					"seconds":	0.99998897314071655,
					"bytes":	90439680,
					"bits_per_second":	723525418.21297467,
					"retransmits":	1480,
					"snd_cwnd":	3126232,
					"rtt":	34765,
					"rttvar":	46,
					"pmtu":	1500,
					"omitted":	false,
					"sender":	true
				}],
			"sum":	{
				"start":	3.000075,
				"end":	4.000064,
				"seconds":	0.99998897314071655,
				"bytes":	90439680,
				"bits_per_second":	723525418.21297467,
				"retransmits":	1480,
				"omitted":	false,
				"sender":	true
			}
		}, {
			"streams":	[{
					"socket":	7,
					"start":	4.000064,
					"end":	5.000073,
					"seconds":	1.0000089406967163,
					"bytes":	86507520,
					"bits_per_second":	692053972.55532,
					"retransmits":	131,
					"snd_cwnd":	4915960,
					"rtt":	35587,
					"rttvar":	68,
					"pmtu":	1500,
					"omitted":	false,
					"sender":	true
				}],
			"sum":	{
				"start":	4.000064,
				"end":	5.000073,
				"seconds":	1.0000089406967163,
				"bytes":	86507520,
				"bits_per_second":	692053972.55532,
				"retransmits":	131,
				"omitted":	false,
				"sender":	true
			}
		}, {
			"streams":	[{
					"socket":	7,
					"start":	5.000073,
					"end":	6.000069,
					"seconds":	0.9999960064888,
					"bytes":	114032640,
					"bits_per_second":	912264763.139549,
					"retransmits":	198,
					"snd_cwnd":	4257120,
					"rtt":	34736,
					"rttvar":	28,
					"pmtu":	1500,
					"omitted":	false,
					"sender":	true
				}],
			"sum":	{
				"start":	5.000073,
				"end":	6.000069,
				"seconds":	0.9999960064888,
				"bytes":	114032640,
				"bits_per_second":	912264763.139549,
				"retransmits":	198,
				"omitted":	false,
				"sender":	true
			}
		}, {
			"streams":	[{
					"socket":	7,
					"start":	6.000069,
					"end":	7.000085,
					"seconds":	1.0000159740448,
					"bytes":	119275520,
					"bits_per_second":	954188917.74348044,
					"retransmits":	67,
					"snd_cwnd":	4248432,
					"rtt":	34792,
					"rttvar":	79,
					"pmtu":	1500,
					"omitted":	false,
					"sender":	true
				}],
			"sum":	{
				"start":	6.000069,
				"end":	7.000085,
				"seconds":	1.0000159740448,
				"bytes":	119275520,
				"bits_per_second":	954188917.74348044,
				"retransmits":	67,
				"omitted":	false,
				"sender":	true
			}
		}, {
			"streams":	[{
					"socket":	7,
					"start":	7.000085,
					"end":	8.000075,
					"seconds":	0.99998998641967773,
					"bytes":	114032640,
					"bits_per_second":	912270255.091475,
					"retransmits":	584,
					"snd_cwnd":	4701656,
					"rtt":	36601,
					"rttvar":	410,
					"pmtu":	1500,
					"omitted":	false,
					"sender":	true
				}],
			"sum":	{
				"start":	7.000085,
				"end":	8.000075,
				"seconds":	0.99998998641967773,
				"bytes":	114032640,
				"bits_per_second":	912270255.091475,
				"retransmits":	584,
				"omitted":	false,
				"sender":	true
			}
		}, {
			"streams":	[{
					"socket":	7,
					"start":	8.000075,
					"end":	9.000066,
					"seconds":	0.999990999698639,
					"bytes":	106168320,
					"bits_per_second":	849354204.44380236,
					"retransmits":	2032,
					"snd_cwnd":	3928424,
					"rtt":	35814,
					"rttvar":	113,
					"pmtu":	1500,
					"omitted":	false,
					"sender":	true
				}],
			"sum":	{
				"start":	8.000075,
				"end":	9.000066,
				"seconds":	0.999990999698639,
				"bytes":	106168320,
				"bits_per_second":	849354204.44380236,
				"retransmits":	2032,
				"omitted":	false,
				"sender":	true
			}
		}, {
			"streams":	[{
					"socket":	7,
					"start":	9.000066,
					"end":	10.000144,
					"seconds":	1.0000779628753662,
					"bytes":	111411200,
					"bits_per_second":	891220117.917023,
					"retransmits":	0,
					"snd_cwnd":	3909600,
					"rtt":	34652,
					"rttvar":	33,
					"pmtu":	1500,
					"omitted":	false,
					"sender":	true
				}],
			"sum":	{
				"start":	9.000066,
				"end":	10.000144,
				"seconds":	1.0000779628753662,
				"bytes":	111411200,
				"bits_per_second":	891220117.917023,
				"retransmits":	0,
				"omitted":	false,
				"sender":	true
			}
		}],
	"end":	{
		"streams":	[{
				"sender":	{
					"socket":	7,
					"start":	0,
					"end":	10.000144,
					"seconds":	10.000144,
					"bytes":	1094480768,
					"bits_per_second":	875572006.16311121,
					"retransmits":	13348,
					"max_snd_cwnd":	5010080,
					"max_rtt":	36601,
					"min_rtt":	34648,
					"mean_rtt":	35099,
					"sender":	true
				},
				"receiver":	{
					"socket":	7,
					"start":	0,
					"end":	10.041193,
					"seconds":	10.000144,
					"bytes":	1048605400,
					"bits_per_second":	835442880.1438235,
					"sender":	true
				}
			}],
		"sum_sent":	{
			"start":	0,
			"end":	10.000144,
			"seconds":	10.000144,
			"bytes":	1094480768,
			"bits_per_second":	875572006.16311121,
			"retransmits":	13348,
			"sender":	true
		},
		"sum_received":	{
			"start":	0,
			"end":	10.041193,
			"seconds":	10.041193,
			"bytes":	1048605400,
			"bits_per_second":	835442880.1438235,
			"sender":	true
		},
		"cpu_utilization_percent":	{
			"host_total":	3.0233857538157185,
			"host_user":	0.08365470094031327,
			"host_system":	2.9397212709880174,
			"remote_total":	1.4596999405285682,
			"remote_user":	0.0356446892849579,
			"remote_system":	1.4240539166364035
		},
		"sender_tcp_congestion":	"bbr",
		"receiver_tcp_congestion":	"cubic"
	}
}
