{
	"start":	{
		"connected":	[{
				"socket":	7,
				"local_host":	"172.16.0.9",
				"local_port":	54748,
				"remote_host":	"172.17.0.9",
				"remote_port":	5201
			}],
		"version":	"iperf 3.9",
		"system_info":	"Linux h1 6.4.0-bbrv3 #1 SMP PREEMPT_DYNAMIC Tue Oct  8 11:37:28 UTC 2024 x86_64",
		"timestamp":	{
			"time":	"Fri, 25 Oct 2024 18:07:03 GMT",
			"timesecs":	1729879623
		},
		"connecting_to":	{
			"host":	"172.17.0.9",
			"port":	5201
		},
		"cookie":	"bbo6gom7vihrmunhy2r7xxgh5grvyf63vaj4",
		"tcp_mss_default":	1448,
		"sock_bufsize":	0,
		"sndbuf_actual":	1000000,
		"rcvbuf_actual":	1000000,
		"test_start":	{
			"protocol":	"TCP",
			"num_streams":	1,
			"blksize":	131072,
			"omit":	0,
			"duration":	10,
			"bytes":	0,
			"blocks":	0,
			"reverse":	0,
			"tos":	0
		}
	},
	"intervals":	[{
			"streams":	[{
					"socket":	7,
					"start":	0,
					"end":	1.000081,
					"seconds":	1.000080943107605,
					"bytes":	372279840,
					"bits_per_second":	2977997671.61402,
					"retransmits":	20554,
					"snd_cwnd":	73493240,
					"rtt":	56990,
					"rttvar":	21,
					"pmtu":	1500,
					"omitted":	false,
					"sender":	true
				}],
			"sum":	{
				"start":	0,
				"end":	1.000081,
				"seconds":	1.000080943107605,
				"bytes":	372279840,
				"bits_per_second":	2977997671.61402,
				"retransmits":	20554,
				"omitted":	false,
				"sender":	true
			}
		}, {
			"streams":	[{
					"socket":	7,
					"start":	1.000081,
					"end":	2.000041,
					"seconds":	0.99996000528335571,
					"bytes":	972554240,
					"bits_per_second":	7780745108.6959038,
					"retransmits":	317,
					"snd_cwnd":	73493240,
					"rtt":	53920,
					"rttvar":	32,
					"pmtu":	1500,
					"omitted":	false,
					"sender":	true
				}],
			"sum":	{
				"start":	1.000081,
				"end":	2.000041,
				"seconds":	0.99996000528335571,
				"bytes":	972554240,
				"bits_per_second":	7780745108.6959038,
				"retransmits":	317,
				"omitted":	false,
				"sender":	true
			}
		}, {
			"streams":	[{
					"socket":	7,
					"start":	2.000041,
					"end":	3.000059,
					"seconds":	1.0000180006027222,
					"bytes":	891289600,
					"bits_per_second":	7130188452.3103361,
					"retransmits":	6903,
					"snd_cwnd":	50603256,
					"rtt":	53873,
					"rttvar":	55,
					"pmtu":	1500,
					"omitted":	false,
					"sender":	true
				}],
			"sum":	{
				"start":	2.000041,
				"end":	3.000059,
				"seconds":	1.0000180006027222,
				"bytes":	891289600,
				"bits_per_second":	7130188452.3103361,
				"retransmits":	6903,
				"omitted":	false,
				"sender":	true
			}
		}, {
			"streams":	[{
					"socket":	7,
					"start":	3.000059,
					"end":	4.000203,
					"seconds":	1.0001440048217773,
					"bytes":	931921920,
					"bits_per_second":	7454301904.582756,
					"retransmits":	4825,
					"snd_cwnd":	63154520,
					"rtt":	53865,
					"rttvar":	26,
					"pmtu":	1500,
					"omitted":	false,
					"sender":	true
				}],
			"sum":	{
				"start":	3.000059,
				"end":	4.000203,
				"seconds":	1.0001440048217773,
				"bytes":	931921920,
				"bits_per_second":	7454301904.582756,
				"retransmits":	4825,
				"omitted":	false,
				"sender":	true
			}
		}, {
			"streams":	[{
					"socket":	7,
					"start":	4.000203,
					"end":	5.000411,
					"seconds":	1.0002080202102661,
					"bytes":	1006632960,
					"bits_per_second":	8051388828.4029818,
					"retransmits":	4751,
					"snd_cwnd":	56017328,
					"rtt":	53847,
					"rttvar":	27,
					"pmtu":	1500,
					"omitted":	false,
					"sender":	true
				}],
			"sum":	{
				"start":	4.000203,
				"end":	5.000411,
				"seconds":	1.0002080202102661,
				"bytes":	1006632960,
				"bits_per_second":	8051388828.4029818,
				"retransmits":	4751,
				"omitted":	false,
				"sender":	true
			}
		}, {
			"streams":	[{
					"socket":	7,
					"start":	5.000411,
					"end":	6.000064,
					"seconds":	0.99965298175811768,
					"bytes":	891289600,
					"bits_per_second":	7132792008.9426556,
					"retransmits":	94,
					"snd_cwnd":	51792064,
					"rtt":	53867,
					"rttvar":	21,
					"pmtu":	1500,
					"omitted":	false,
					"sender":	true
				}],
			"sum":	{
				"start":	5.000411,
				"end":	6.000064,
				"seconds":	0.99965298175811768,
				"bytes":	891289600,
				"bits_per_second":	7132792008.9426556,
				"retransmits":	94,
				"omitted":	false,
				"sender":	true
			}
		}, {
			"streams":	[{
					"socket":	7,
					"start":	6.000064,
					"end":	7.000627,
					"seconds":	1.0005630254745483,
					"bytes":	739246080,
					"bits_per_second":	5910640798.65945,
					"retransmits":	3525,
					"snd_cwnd":	50189128,
					"rtt":	53918,
					"rttvar":	70,
					"pmtu":	1500,
					"omitted":	false,
					"sender":	true
				}],
			"sum":	{
				"start":	6.000064,
				"end":	7.000627,
				"seconds":	1.0005630254745483,
				"bytes":	739246080,
				"bits_per_second":	5910640798.65945,
				"retransmits":	3525,
				"omitted":	false,
				"sender":	true
			}
		}, {
			"streams":	[{
					"socket":	7,
					"start":	7.000627,
					"end":	8.000092,
					"seconds":	0.999464988708496,
					"bytes":	731381760,
					"bits_per_second":	5854186135.6851568,
					"retransmits":	2519,
					"snd_cwnd":	20796176,
					"rtt":	53820,
					"rttvar":	25,
					"pmtu":	1500,
					"omitted":	false,
					"sender":	true
				}],
			"sum":	{
				"start":	7.000627,
				"end":	8.000092,
				"seconds":	0.999464988708496,
				"bytes":	731381760,
				"bits_per_second":	5854186135.6851568,
				"retransmits":	2519,
				"omitted":	false,
				"sender":	true
			}
		}, {
			"streams":	[{
					"socket":	7,
					"start":	8.000092,
					"end":	9.000199,
					"seconds":	1.0001070499420166,
					"bytes":	828375040,
					"bits_per_second":	6626290975.93524,
					"retransmits":	0,
					"snd_cwnd":	50189128,
					"rtt":	53909,
					"rttvar":	58,
					"pmtu":	1500,
					"omitted":	false,
					"sender":	true
				}],
			"sum":	{
				"start":	8.000092,
				"end":	9.000199,
				"seconds":	1.0001070499420166,
				"bytes":	828375040,
				"bits_per_second":	6626290975.93524,
				"retransmits":	0,
				"omitted":	false,
				"sender":	true
			}
		}, {
			"streams":	[{
					"socket":	7,
					"start":	9.000199,
					"end":	10.000027,
					"seconds":	0.99982798099517822,
					"bytes":	884736000,
					"bits_per_second":	7079105740.7245474,
					"retransmits":	1526,
					"snd_cwnd":	50176096,
					"rtt":	53903,
					"rttvar":	40,
					"pmtu":	1500,
					"omitted":	false,
					"sender":	true
				}],
			"sum":	{
				"start":	9.000199,
				"end":	10.000027,
				"seconds":	0.99982798099517822,
				"bytes":	884736000,
				"bits_per_second":	7079105740.7245474,
				"retransmits":	1526,
				"omitted":	false,
				"sender":	true
			}
		}],
	"end":	{
		"streams":	[{
				"sender":	{
					"socket":	7,
					"start":	0,
					"end":	10.000027,
					"seconds":	10.000027,
					"bytes":	8249707040,
					"bits_per_second":	6599747812.6809063,
					"retransmits":	45014,
					"max_snd_cwnd":	73493240,
					"max_rtt":	56990,
					"min_rtt":	53820,
					"mean_rtt":	54191,
					"sender":	true
				},
				"receiver":	{
					"socket":	7,
					"start":	0,
					"end":	10.05428,
					"seconds":	10.000027,
					"bytes":	8163716848,
					"bits_per_second":	6495714738.7978048,
					"sender":	true
				}
			}],
		"sum_sent":	{
			"start":	0,
			"end":	10.000027,
			"seconds":	10.000027,
			"bytes":	8249707040,
			"bits_per_second":	6599747812.6809063,
			"retransmits":	45014,
			"sender":	true
		},
		"sum_received":	{
			"start":	0,
			"end":	10.05428,
			"seconds":	10.05428,
			"bytes":	8163716848,
			"bits_per_second":	6495714738.7978048,
			"sender":	true
		},
		"cpu_utilization_percent":	{
			"host_total":	29.825588724112723,
			"host_user":	0.48333265457704755,
			"host_system":	29.342246373017307,
			"remote_total":	0.33597978450533256,
			"remote_user":	0.004845238683176256,
			"remote_system":	0.33113454582215635
		},
		"sender_tcp_congestion":	"bbr",
		"receiver_tcp_congestion":	"cubic"
	}
}
