{
	"start":	{
		"connected":	[{
				"socket":	7,
				"local_host":	"172.16.0.9",
				"local_port":	40788,
				"remote_host":	"172.17.0.9",
				"remote_port":	5201
			}],
		"version":	"iperf 3.9",
		"system_info":	"Linux h1 6.4.0-bbrv3 #1 SMP PREEMPT_DYNAMIC Tue Oct  8 11:37:28 UTC 2024 x86_64",
		"timestamp":	{
			"time":	"Tue, 14 Jan 2025 17:43:16 GMT",
			"timesecs":	1736876596
		},
		"connecting_to":	{
			"host":	"172.17.0.9",
			"port":	5201
		},
		"cookie":	"wy3i3dvdsk2y4ctuddzzzsywhilpy3xy2j4o",
		"tcp_mss_default":	1448,
		"sock_bufsize":	0,
		"sndbuf_actual":	1000000,
		"rcvbuf_actual":	1000000,
		"test_start":	{
			"protocol":	"TCP",
			"num_streams":	1,
			"blksize":	131072,
			"omit":	0,
			"duration":	10,
			"bytes":	0,
			"blocks":	0,
			"reverse":	0,
			"tos":	0
		}
	},
	"intervals":	[{
			"streams":	[{
					"socket":	7,
					"start":	0,
					"end":	1.000054,
					"seconds":	1.0000540018081665,
					"bytes":	437810048,
					"bits_per_second":	3502291253.9395614,
					"retransmits":	25694,
					"snd_cwnd":	23615432,
					"rtt":	38910,
					"rttvar":	51,
					"pmtu":	1500,
					"omitted":	false,
					"sender":	true
				}],
			"sum":	{
				"start":	0,
				"end":	1.000054,
				"seconds":	1.0000540018081665,
				"bytes":	437810048,
				"bits_per_second":	3502291253.9395614,
				"retransmits":	25694,
				"omitted":	false,
				"sender":	true
			}
		}, {
			"streams":	[{
					"socket":	7,
					"start":	1.000054,
					"end":	2.000092,
					"seconds":	1.0000380277633667,
					"bytes":	508559360,
					"bits_per_second":	4068320170.8832417,
					"retransmits":	949,
					"snd_cwnd":	21177000,
					"rtt":	38915,
					"rttvar":	30,
					"pmtu":	1500,
					"omitted":	false,
					"sender":	true
				}],
			"sum":	{
				"start":	1.000054,
				"end":	2.000092,
				"seconds":	1.0000380277633667,
				"bytes":	508559360,
				"bits_per_second":	4068320170.8832417,
				"retransmits":	949,
				"omitted":	false,
				"sender":	true
			}
		}, {
			"streams":	[{
					"socket":	7,
					"start":	2.000092,
					"end":	3.000081,
					"seconds":	0.99998897314071655,
					"bytes":	502005760,
					"bits_per_second":	4016090364.8633227,
					"retransmits":	8841,
					"snd_cwnd":	24697088,
					"rtt":	38934,
					"rttvar":	46,
					"pmtu":	1500,
					"omitted":	false,
					"sender":	true
				}],
			"sum":	{
				"start":	2.000092,
				"end":	3.000081,
				"seconds":	0.99998897314071655,
				"bytes":	502005760,
				"bits_per_second":	4016090364.8633227,
				"retransmits":	8841,
				"omitted":	false,
				"sender":	true
			}
		}, {
			"streams":	[{
					"socket":	7,
					"start":	3.000081,
					"end":	4.000055,
					"seconds":	0.999974012374878,
					"bytes":	360448000,
					"bits_per_second":	2883658939.4474983,
					"retransmits":	10684,
					"snd_cwnd":	13575000,
					"rtt":	38947,
					"rttvar":	79,
					"pmtu":	1500,
					"omitted":	false,
					"sender":	true
				}],
			"sum":	{
				"start":	3.000081,
				"end":	4.000055,
				"seconds":	0.999974012374878,
				"bytes":	360448000,
				"bits_per_second":	2883658939.4474983,
				"retransmits":	10684,
				"omitted":	false,
				"sender":	true
			}
		}, {
			"streams":	[{
					"socket":	7,
					"start":	4.000055,
					"end":	5.000067,
					"seconds":	1.0000120401382446,
					"bytes":	353894400,
					"bits_per_second":	2831121112.9104133,
					"retransmits":	0,
					"snd_cwnd":	24721704,
					"rtt":	38979,
					"rttvar":	134,
					"pmtu":	1500,
					"omitted":	false,
					"sender":	true
				}],
			"sum":	{
				"start":	4.000055,
				"end":	5.000067,
				"seconds":	1.0000120401382446,
				"bytes":	353894400,
				"bits_per_second":	2831121112.9104133,
				"retransmits":	0,
				"omitted":	false,
				"sender":	true
			}
		}, {
			"streams":	[{
					"socket":	7,
					"start":	5.000067,
					"end":	6.000071,
					"seconds":	1.0000040531158447,
					"bytes":	524288000,
					"bits_per_second":	4194287000.0689025,
					"retransmits":	1521,
					"snd_cwnd":	24556632,
					"rtt":	38845,
					"rttvar":	28,
					"pmtu":	1500,
					"omitted":	false,
					"sender":	true
				}],
			"sum":	{
				"start":	5.000067,
				"end":	6.000071,
				"seconds":	1.0000040531158447,
				"bytes":	524288000,
				"bits_per_second":	4194287000.0689025,
				"retransmits":	1521,
				"omitted":	false,
				"sender":	true
			}
		}, {
			"streams":	[{
					"socket":	7,
					"start":	6.000071,
					"end":	7.00013,
					"seconds":	1.0000590085983276,
					"bytes":	627834880,
					"bits_per_second":	5022382676.23801,
					"retransmits":	0,
					"snd_cwnd":	24556632,
					"rtt":	38896,
					"rttvar":	51,
					"pmtu":	1500,
					"omitted":	false,
					"sender":	true
				}],
			"sum":	{
				"start":	6.000071,
				"end":	7.00013,
				"seconds":	1.0000590085983276,
				"bytes":	627834880,
				"bits_per_second":	5022382676.23801,
				"retransmits":	0,
				"omitted":	false,
				"sender":	true
			}
		}, {
			"streams":	[{
					"socket":	7,
					"start":	7.00013,
					"end":	8.000208,
					"seconds":	1.0000779628753662,
					"bytes":	554434560,
					"bits_per_second":	4435130704.4576559,
					"retransmits":	1922,
					"snd_cwnd":	22756768,
					"rtt":	38995,
					"rttvar":	72,
					"pmtu":	1500,
					"omitted":	false,
					"sender":	true
				}],
			"sum":	{
				"start":	7.00013,
				"end":	8.000208,
				"seconds":	1.0000779628753662,
				"bytes":	554434560,
				"bits_per_second":	4435130704.4576559,
				"retransmits":	1922,
				"omitted":	false,
				"sender":	true
			}
		}, {
			"streams":	[{
					"socket":	7,
					"start":	8.000208,
					"end":	9.000088,
					"seconds":	0.999880015850067,
					"bytes":	559677440,
					"bits_per_second":	4477956803.8405447,
					"retransmits":	3535,
					"snd_cwnd":	22394768,
					"rtt":	38967,
					"rttvar":	80,
					"pmtu":	1500,
					"omitted":	false,
					"sender":	true
				}],
			"sum":	{
				"start":	8.000208,
				"end":	9.000088,
				"seconds":	0.999880015850067,
				"bytes":	559677440,
				"bits_per_second":	4477956803.8405447,
				"retransmits":	3535,
				"omitted":	false,
				"sender":	true
			}
		}, {
			"streams":	[{
					"socket":	7,
					"start":	9.000088,
					"end":	10.000235,
					"seconds":	1.0001469850540161,
					"bytes":	511180800,
					"bits_per_second":	4088845400.8378944,
					"retransmits":	131,
					"snd_cwnd":	20754184,
					"rtt":	38955,
					"rttvar":	59,
					"pmtu":	1500,
					"omitted":	false,
					"sender":	true
				}],
			"sum":	{
				"start":	9.000088,
				"end":	10.000235,
				"seconds":	1.0001469850540161,
				"bytes":	511180800,
				"bits_per_second":	4088845400.8378944,
				"retransmits":	131,
				"omitted":	false,
				"sender":	true
			}
		}],
	"end":	{
		"streams":	[{
				"sender":	{
					"socket":	7,
					"start":	0,
					"end":	10.000235,
					"seconds":	10.000235,
					"bytes":	4940133248,
					"bits_per_second":	3952013726.0774374,
					"retransmits":	53277,
					"max_snd_cwnd":	24721704,
					"max_rtt":	38995,
					"min_rtt":	38845,
					"mean_rtt":	38934,
					"sender":	true
				},
				"receiver":	{
					"socket":	7,
					"start":	0,
					"end":	10.04087,
					"seconds":	10.000235,
					"bytes":	4826321560,
					"bits_per_second":	3845341337.9517908,
					"sender":	true
				}
			}],
		"sum_sent":	{
			"start":	0,
			"end":	10.000235,
			"seconds":	10.000235,
			"bytes":	4940133248,
			"bits_per_second":	3952013726.0774374,
			"retransmits":	53277,
			"sender":	true
		},
		"sum_received":	{
			"start":	0,
			"end":	10.04087,
			"seconds":	10.04087,
			"bytes":	4826321560,
			"bits_per_second":	3845341337.9517908,
			"sender":	true
		},
		"cpu_utilization_percent":	{
			"host_total":	13.573309031501662,
			"host_user":	0.078203836730886,
			"host_system":	13.495105194770776,
			"remote_total":	4.9197923869684956,
			"remote_user":	0.055031667339855331,
			"remote_system":	4.86476230459645
		},
		"sender_tcp_congestion":	"bbr",
		"receiver_tcp_congestion":	"cubic"
	}
}
